time_utc,5.56x45mm M995,6.8x51mm Hybrid,7.62x39mm AP,7.62x51mm M62,7.62x54R BT,9x19mm PBP,9x39mm BP,盒装挂耳咖啡
2025-09-21 18:00:00+00:00,3627.0,4599.0,2871.0,4767.0,3214.0,1486.0,4744.0,284937.0
2025-09-21 19:00:00+00:00,3627.0,4789.0,2871.0,4767.0,3214.0,1516.0,4809.0,284937.0
2025-09-21 20:00:00+00:00,3627.0,4884.0,2871.0,4767.0,3214.0,1516.0,4744.0,284937.0
2025-09-21 21:00:00+00:00,3692.0,4884.0,2871.0,4767.0,3214.0,1546.0,4939.0,284937.0
2025-09-21 22:00:00+00:00,3562.0,4599.0,2871.0,4767.0,3214.0,1546.0,4614.0,284937.0
2025-09-21 23:00:00+00:00,3432.0,4409.0,2871.0,4667.0,3214.0,1546.0,4354.0,289322.0
2025-09-22 00:00:00+00:00,3432.0,4124.0,2871.0,4567.0,3214.0,1546.0,4094.0,289322.0
2025-09-22 01:00:00+00:00,3367.0,4124.0,2871.0,4567.0,3214.0,1576.0,4159.0,289322.0
2025-09-22 02:00:00+00:00,3367.0,4124.0,2871.0,4567.0,3214.0,1576.0,4159.0,289322.0
2025-09-22 03:00:00+00:00,3367.0,4124.0,2871.0,4567.0,3214.0,1576.0,4289.0,289322.0
2025-09-22 04:00:00+00:00,3367.0,4124.0,2871.0,4567.0,3214.0,1576.0,4354.0,289322.0
2025-09-22 05:00:00+00:00,3367.0,4219.0,2871.0,4567.0,3214.0,1606.0,4354.0,289322.0
2025-09-22 06:00:00+00:00,3367.0,4314.0,2871.0,4567.0,3214.0,1606.0,4679.0,289322.0
2025-09-22 07:00:00+00:00,3367.0,4409.0,2871.0,4667.0,3214.0,1606.0,4744.0,289322.0
2025-09-22 08:00:00+00:00,3432.0,4409.0,2796.0,4767.0,3214.0,1636.0,4744.0,289322.0
2025-09-22 09:00:00+00:00,3432.0,4409.0,2871.0,4767.0,3094.0,1636.0,4679.0,289322.0
2025-09-22 10:00:00+00:00,3432.0,4409.0,2871.0,4767.0,3214.0,1636.0,4614.0,289322.0
2025-09-22 11:00:00+00:00,3432.0,4409.0,2796.0,4767.0,3214.0,1666.0,4549.0,289322.0
2025-09-22 12:00:00+00:00,3432.0,4409.0,2871.0,4767.0,3214.0,1666.0,4549.0,289322.0
2025-09-22 13:00:00+00:00,3432.0,4409.0,2871.0,4767.0,3214.0,1696.0,4614.0,289322.0
2025-09-22 14:00:00+00:00,3432.0,4409.0,2871.0,4767.0,3094.0,1726.0,4679.0,293707.0
2025-09-22 15:00:00+00:00,3432.0,4409.0,2796.0,4767.0,3214.0,1726.0,4679.0,289322.0
2025-09-22 16:00:00+00:00,3432.0,4409.0,2871.0,4767.0,3454.0,1426.0,4679.0,280552.0
2025-09-22 17:00:00+00:00,3432.0,4409.0,2796.0,4767.0,3574.0,1546.0,4679.0,289322.0
2025-09-22 18:00:00+00:00,3497.0,4504.0,2871.0,4767.0,3454.0,1516.0,4744.0,284937.0
2025-09-22 19:00:00+00:00,3562.0,4884.0,2871.0,4767.0,3574.0,1546.0,4939.0,284937.0
2025-09-22 20:00:00+00:00,3692.0,4884.0,2871.0,4767.0,3574.0,1546.0,5004.0,284937.0
2025-09-22 21:00:00+00:00,3692.0,4884.0,2871.0,4767.0,3454.0,1546.0,4939.0,284937.0
2025-09-22 22:00:00+00:00,3562.0,4694.0,2871.0,4767.0,3334.0,1546.0,4679.0,289322.0
2025-09-22 23:00:00+00:00,3432.0,4504.0,2871.0,4667.0,3454.0,1576.0,4354.0,289322.0
2025-09-23 00:00:00+00:00,3432.0,4314.0,2796.0,4567.0,3454.0,1576.0,4159.0,289322.0
2025-09-23 01:00:00+00:00,3367.0,4314.0,2871.0,4567.0,3454.0,1576.0,4224.0,289322.0
2025-09-23 02:00:00+00:00,3367.0,4314.0,2871.0,4567.0,3454.0,1576.0,4224.0,289322.0
2025-09-23 03:00:00+00:00,3302.0,4314.0,2796.0,4567.0,3454.0,1606.0,4224.0,289322.0
2025-09-23 04:00:00+00:00,3367.0,4314.0,2871.0,4567.0,3454.0,1606.0,4224.0,293707.0
2025-09-23 05:00:00+00:00,3302.0,4314.0,2796.0,4567.0,3454.0,1636.0,4419.0,289322.0
2025-09-23 06:00:00+00:00,3367.0,4409.0,2871.0,4567.0,3454.0,1636.0,4679.0,289322.0
2025-09-23 07:00:00+00:00,3367.0,4504.0,2871.0,4767.0,3334.0,1666.0,4744.0,289322.0
2025-09-23 08:00:00+00:00,3367.0,4599.0,2871.0,4767.0,3454.0,1666.0,4744.0,289322.0
2025-09-23 09:00:00+00:00,3367.0,4599.0,2796.0,4767.0,3454.0,1696.0,4679.0,289322.0
2025-09-23 10:00:00+00:00,3302.0,4599.0,2871.0,4767.0,3334.0,1696.0,4549.0,293707.0
2025-09-23 11:00:00+00:00,3367.0,4599.0,2871.0,4767.0,3334.0,1726.0,4549.0,293707.0
2025-09-23 12:00:00+00:00,3367.0,4599.0,2796.0,4767.0,3334.0,1756.0,4549.0,293707.0
2025-09-23 13:00:00+00:00,3367.0,4599.0,2871.0,4767.0,3334.0,1846.0,4549.0,293707.0
2025-09-23 14:00:00+00:00,3302.0,4599.0,2871.0,4767.0,3334.0,1906.0,4614.0,293707.0
2025-09-23 15:00:00+00:00,3367.0,4504.0,2796.0,4767.0,3334.0,1906.0,4679.0,289322.0
2025-09-23 16:00:00+00:00,3432.0,4599.0,2871.0,4767.0,3334.0,1636.0,4679.0,289322.0
2025-09-23 17:00:00+00:00,3432.0,4599.0,2871.0,4767.0,3334.0,1576.0,4744.0,280552.0
2025-09-23 18:00:00+00:00,3432.0,4884.0,2871.0,4867.0,3334.0,1546.0,4744.0,280552.0
2025-09-23 19:00:00+00:00,3562.0,5074.0,2871.0,4867.0,3334.0,1546.0,4874.0,284937.0
2025-09-23 20:00:00+00:00,3627.0,5074.0,2796.0,4867.0,3334.0,1576.0,4939.0,284937.0
2025-09-23 21:00:00+00:00,3692.0,5074.0,2871.0,4867.0,3214.0,1576.0,4874.0,284937.0
2025-09-23 22:00:00+00:00,3562.0,4884.0,2871.0,4867.0,3334.0,1606.0,4679.0,289322.0
2025-09-23 23:00:00+00:00,3497.0,4694.0,2871.0,4767.0,3454.0,1606.0,4289.0,289322.0
2025-09-24 00:00:00+00:00,3432.0,4599.0,2796.0,4567.0,3334.0,1606.0,4224.0,289322.0
2025-09-24 01:00:00+00:00,3432.0,4599.0,2796.0,4567.0,3334.0,1606.0,4224.0,289322.0
2025-09-24 02:00:00+00:00,3367.0,4599.0,2871.0,4567.0,3454.0,1636.0,4224.0,289322.0
2025-09-24 03:00:00+00:00,3367.0,4504.0,2796.0,4567.0,3334.0,1636.0,4224.0,289322.0
2025-09-24 04:00:00+00:00,3367.0,4599.0,2871.0,4567.0,3334.0,1636.0,4224.0,293707.0
2025-09-24 05:00:00+00:00,3367.0,4599.0,2796.0,4567.0,3334.0,1666.0,4549.0,289322.0
2025-09-24 06:00:00+00:00,3367.0,4599.0,2796.0,4767.0,3334.0,1666.0,4744.0,289322.0
2025-09-24 07:00:00+00:00,3367.0,4789.0,2871.0,4867.0,3454.0,1696.0,4809.0,289322.0
2025-09-24 08:00:00+00:00,3432.0,4884.0,2871.0,4867.0,3454.0,1696.0,4809.0,289322.0
2025-09-24 09:00:00+00:00,3432.0,4884.0,2871.0,4767.0,3454.0,1726.0,4744.0,289322.0
2025-09-24 10:00:00+00:00,3432.0,4789.0,2871.0,4867.0,3334.0,1726.0,4614.0,293707.0
2025-09-24 11:00:00+00:00,3432.0,4789.0,2871.0,4767.0,3334.0,1726.0,4549.0,293707.0
2025-09-24 12:00:00+00:00,3432.0,4789.0,2871.0,4867.0,3334.0,1816.0,4549.0,293707.0
2025-09-24 13:00:00+00:00,3367.0,4789.0,2796.0,4867.0,3214.0,1846.0,4614.0,293707.0
2025-09-24 14:00:00+00:00,3432.0,4789.0,2871.0,4867.0,3334.0,1876.0,4614.0,289322.0
2025-09-24 15:00:00+00:00,3432.0,4789.0,2871.0,4867.0,3334.0,1846.0,4614.0,289322.0
2025-09-24 16:00:00+00:00,3432.0,4789.0,2871.0,4867.0,3334.0,1666.0,4679.0,289322.0
2025-09-24 17:00:00+00:00,3497.0,4884.0,2796.0,4867.0,3334.0,1546.0,4744.0,289322.0
2025-09-24 18:00:00+00:00,3627.0,4979.0,2871.0,4867.0,3334.0,1486.0,4809.0,284937.0
2025-09-24 19:00:00+00:00,3692.0,5169.0,2796.0,4867.0,3334.0,1546.0,4809.0,284937.0
2025-09-24 20:00:00+00:00,3692.0,5264.0,2871.0,4867.0,3454.0,1576.0,4809.0,280552.0
2025-09-24 21:00:00+00:00,3692.0,5359.0,2796.0,4867.0,3454.0,1576.0,4809.0,284937.0
2025-09-24 22:00:00+00:00,3562.0,4979.0,2871.0,4767.0,3454.0,1576.0,4549.0,289322.0
2025-09-24 23:00:00+00:00,3562.0,4789.0,2871.0,4767.0,3454.0,1576.0,4159.0,289322.0
2025-09-25 00:00:00+00:00,3432.0,4694.0,2871.0,4567.0,3214.0,1576.0,4159.0,289322.0
2025-09-25 01:00:00+00:00,3432.0,4694.0,2871.0,4467.0,3454.0,1606.0,4224.0,284937.0
2025-09-25 02:00:00+00:00,3432.0,4694.0,2871.0,4567.0,3334.0,1606.0,4224.0,289322.0
2025-09-25 03:00:00+00:00,3432.0,4694.0,2871.0,4567.0,3454.0,1606.0,4224.0,289322.0
2025-09-25 04:00:00+00:00,3432.0,4694.0,2871.0,4667.0,3334.0,1606.0,4224.0,293707.0
2025-09-25 05:00:00+00:00,3432.0,4694.0,2871.0,4667.0,3334.0,1636.0,4354.0,289322.0
2025-09-25 06:00:00+00:00,3432.0,4884.0,2871.0,4667.0,3454.0,1636.0,4679.0,289322.0
2025-09-25 07:00:00+00:00,3432.0,4979.0,2871.0,4867.0,3454.0,1666.0,4744.0,289322.0
2025-09-25 08:00:00+00:00,3562.0,4979.0,2871.0,4867.0,3454.0,1666.0,4744.0,289322.0
2025-09-25 09:00:00+00:00,3562.0,4979.0,2796.0,4867.0,3454.0,1666.0,4679.0,289322.0
2025-09-25 10:00:00+00:00,3497.0,4884.0,2871.0,4867.0,3334.0,1696.0,4549.0,293707.0
2025-09-25 11:00:00+00:00,3497.0,4884.0,2871.0,4767.0,3334.0,1696.0,4484.0,293707.0
2025-09-25 12:00:00+00:00,3497.0,4884.0,2796.0,4767.0,3334.0,1726.0,4549.0,293707.0
2025-09-25 13:00:00+00:00,3562.0,4884.0,2871.0,4767.0,3334.0,1786.0,4549.0,293707.0
2025-09-25 14:00:00+00:00,3562.0,4884.0,2871.0,4867.0,3334.0,1846.0,4549.0,293707.0
2025-09-25 15:00:00+00:00,3562.0,4884.0,2871.0,4867.0,3334.0,1786.0,4549.0,284937.0
2025-09-25 16:00:00+00:00,3562.0,4884.0,2871.0,4867.0,3334.0,1816.0,4549.0,289322.0
2025-09-25 17:00:00+00:00,3562.0,4979.0,2796.0,4867.0,3454.0,1786.0,4549.0,289322.0
2025-09-25 18:00:00+00:00,3562.0,4979.0,2871.0,4867.0,3454.0,1666.0,4679.0,289322.0
2025-09-25 19:00:00+00:00,3562.0,5169.0,2796.0,4867.0,3454.0,1636.0,4744.0,284937.0
2025-09-25 20:00:00+00:00,3562.0,5359.0,2796.0,4867.0,3454.0,1666.0,4744.0,284937.0
2025-09-25 21:00:00+00:00,3562.0,5359.0,2871.0,4767.0,3334.0,1666.0,4744.0,284937.0
2025-09-25 22:00:00+00:00,3627.0,4979.0,2871.0,4867.0,3334.0,1696.0,4484.0,289322.0
2025-09-25 23:00:00+00:00,3432.0,4884.0,2871.0,4767.0,3334.0,1696.0,4224.0,289322.0
2025-09-26 00:00:00+00:00,3432.0,4789.0,2796.0,4667.0,3334.0,1696.0,4094.0,289322.0
2025-09-26 01:00:00+00:00,3432.0,4789.0,2871.0,4667.0,3334.0,1726.0,4159.0,293707.0
2025-09-26 02:00:00+00:00,3367.0,4694.0,2796.0,4667.0,3334.0,1726.0,4159.0,293707.0
2025-09-26 03:00:00+00:00,3367.0,4789.0,2871.0,4667.0,3334.0,1846.0,4094.0,289322.0
2025-09-26 04:00:00+00:00,3367.0,4789.0,2871.0,4667.0,3334.0,1876.0,4094.0,293707.0
2025-09-26 05:00:00+00:00,3367.0,4694.0,2796.0,4667.0,3334.0,1906.0,4159.0,289322.0
2025-09-26 06:00:00+00:00,3432.0,4789.0,2871.0,4767.0,3334.0,1936.0,4419.0,289322.0
2025-09-26 07:00:00+00:00,3432.0,4884.0,2871.0,4867.0,3334.0,1936.0,4614.0,289322.0
2025-09-26 08:00:00+00:00,3432.0,4979.0,2796.0,4867.0,3214.0,1966.0,4614.0,293707.0
2025-09-26 09:00:00+00:00,3432.0,4979.0,2796.0,4767.0,3334.0,1966.0,4549.0,293707.0
2025-09-26 10:00:00+00:00,3367.0,4884.0,2721.0,4867.0,3334.0,1996.0,4484.0,293707.0
2025-09-26 11:00:00+00:00,3302.0,4884.0,2871.0,4867.0,3334.0,1996.0,4419.0,293707.0
2025-09-26 12:00:00+00:00,3302.0,4884.0,2796.0,4867.0,3334.0,1996.0,4419.0,293707.0
2025-09-26 13:00:00+00:00,3302.0,4884.0,2871.0,4867.0,3334.0,1996.0,4419.0,293707.0
2025-09-26 14:00:00+00:00,3302.0,4884.0,2871.0,4867.0,3334.0,2026.0,4419.0,289322.0
2025-09-26 15:00:00+00:00,3302.0,4884.0,2871.0,4867.0,3334.0,2026.0,4419.0,280552.0
2025-09-26 16:00:00+00:00,3367.0,4884.0,2871.0,4867.0,3334.0,1726.0,4484.0,284937.0
2025-09-26 17:00:00+00:00,3432.0,4979.0,2871.0,4767.0,3334.0,1756.0,4549.0,289322.0
2025-09-26 18:00:00+00:00,3432.0,5074.0,2871.0,4867.0,3334.0,1696.0,4614.0,289322.0
2025-09-26 19:00:00+00:00,3432.0,5264.0,2871.0,4867.0,3334.0,1636.0,4614.0,284937.0
2025-09-26 20:00:00+00:00,3497.0,5359.0,2871.0,4867.0,3334.0,1666.0,4679.0,284937.0
2025-09-26 21:00:00+00:00,3497.0,5359.0,2871.0,4867.0,3334.0,1696.0,4679.0,284937.0
2025-09-26 22:00:00+00:00,3497.0,5264.0,2796.0,4867.0,3334.0,1696.0,4549.0,289322.0
2025-09-26 23:00:00+00:00,3302.0,4884.0,2871.0,4867.0,3334.0,1726.0,4159.0,289322.0
2025-09-27 00:00:00+00:00,3237.0,4789.0,2871.0,4867.0,3214.0,1756.0,4159.0,284937.0
2025-09-27 01:00:00+00:00,3237.0,4789.0,2796.0,4767.0,3334.0,1816.0,4159.0,289322.0
2025-09-27 02:00:00+00:00,3237.0,4789.0,2871.0,4767.0,3334.0,1846.0,4159.0,289322.0
2025-09-27 03:00:00+00:00,3237.0,4789.0,2796.0,4867.0,3214.0,1876.0,4159.0,293707.0
2025-09-27 04:00:00+00:00,3237.0,4789.0,2871.0,4867.0,3334.0,1906.0,4159.0,293707.0
2025-09-27 05:00:00+00:00,3237.0,4789.0,2871.0,4867.0,3334.0,1936.0,4289.0,289322.0
2025-09-27 06:00:00+00:00,3237.0,4789.0,2796.0,4867.0,3334.0,1966.0,4614.0,289322.0
2025-09-27 07:00:00+00:00,3237.0,4979.0,2796.0,4867.0,3334.0,1966.0,4679.0,289322.0
2025-09-27 08:00:00+00:00,3237.0,4979.0,2871.0,4967.0,3334.0,1996.0,4614.0,293707.0
2025-09-27 09:00:00+00:00,3302.0,4979.0,2871.0,4967.0,3334.0,1996.0,4679.0,293707.0
2025-09-27 10:00:00+00:00,3302.0,4884.0,2871.0,4867.0,3334.0,1966.0,4549.0,293707.0
2025-09-27 11:00:00+00:00,3237.0,4884.0,2871.0,4867.0,3334.0,1936.0,4484.0,293707.0
2025-09-27 12:00:00+00:00,3302.0,4884.0,2871.0,4867.0,3214.0,1906.0,4484.0,289322.0
2025-09-27 13:00:00+00:00,3302.0,4884.0,2871.0,4867.0,3334.0,1906.0,4484.0,293707.0
2025-09-27 14:00:00+00:00,3432.0,4979.0,2796.0,4867.0,3214.0,1816.0,4484.0,293707.0
2025-09-27 15:00:00+00:00,3432.0,4979.0,2871.0,4867.0,3334.0,1846.0,4484.0,289322.0
2025-09-27 16:00:00+00:00,3432.0,4979.0,2871.0,4867.0,3454.0,1606.0,4484.0,289322.0
2025-09-27 17:00:00+00:00,3562.0,4979.0,2871.0,4967.0,3694.0,1546.0,4549.0,289322.0
2025-09-27 18:00:00+00:00,3562.0,5074.0,2796.0,4967.0,3694.0,1546.0,4614.0,289322.0
2025-09-27 19:00:00+00:00,3692.0,5264.0,2871.0,4967.0,3574.0,1546.0,4679.0,284937.0
2025-09-27 20:00:00+00:00,3692.0,5359.0,2871.0,4967.0,3574.0,1576.0,4679.0,280552.0
2025-09-27 21:00:00+00:00,3757.0,5359.0,2871.0,5067.0,3574.0,1576.0,4679.0,284937.0
2025-09-27 22:00:00+00:00,3627.0,5074.0,2871.0,4967.0,3574.0,1576.0,4419.0,289322.0
2025-09-27 23:00:00+00:00,3432.0,4884.0,2796.0,4867.0,3454.0,1576.0,4224.0,289322.0
2025-09-28 00:00:00+00:00,3432.0,4789.0,2871.0,4767.0,3574.0,1576.0,4159.0,289322.0
2025-09-28 01:00:00+00:00,3432.0,4789.0,2796.0,4767.0,3454.0,1606.0,4159.0,289322.0
2025-09-28 02:00:00+00:00,3432.0,4789.0,2796.0,4767.0,3454.0,1606.0,4159.0,293707.0
2025-09-28 03:00:00+00:00,3432.0,4789.0,2871.0,4767.0,3574.0,1606.0,4159.0,289322.0
2025-09-28 04:00:00+00:00,3432.0,4789.0,2796.0,4767.0,3574.0,1606.0,4159.0,293707.0
2025-09-28 05:00:00+00:00,3432.0,4884.0,2871.0,4767.0,3574.0,1606.0,4224.0,289322.0
2025-09-28 06:00:00+00:00,3432.0,4979.0,2796.0,4767.0,3574.0,1636.0,4549.0,289322.0
2025-09-28 07:00:00+00:00,3432.0,5074.0,2871.0,4867.0,3574.0,1636.0,4614.0,289322.0
2025-09-28 08:00:00+00:00,3497.0,5074.0,2796.0,4967.0,3694.0,1636.0,4614.0,293707.0
2025-09-28 09:00:00+00:00,3562.0,4979.0,2871.0,4967.0,3694.0,1666.0,4614.0,293707.0
2025-09-28 10:00:00+00:00,3497.0,4979.0,2871.0,4867.0,3574.0,1666.0,4419.0,293707.0
2025-09-28 11:00:00+00:00,3497.0,4979.0,2946.0,4867.0,3574.0,1666.0,4419.0,293707.0
2025-09-28 12:00:00+00:00,3497.0,4884.0,3021.0,4767.0,3574.0,1666.0,4484.0,293707.0
2025-09-28 13:00:00+00:00,3562.0,4979.0,3021.0,4867.0,3574.0,1696.0,4484.0,293707.0
2025-09-28 14:00:00+00:00,3562.0,4979.0,3021.0,4967.0,3574.0,1696.0,4484.0,293707.0
2025-09-28 15:00:00+00:00,3562.0,4979.0,2946.0,4867.0,3574.0,1696.0,4419.0,289322.0
2025-09-28 16:00:00+00:00,3562.0,4979.0,3021.0,4967.0,3574.0,1516.0,4484.0,289322.0
2025-09-28 17:00:00+00:00,3562.0,4979.0,3021.0,4967.0,3694.0,1516.0,4614.0,289322.0
2025-09-28 18:00:00+00:00,3562.0,5074.0,3021.0,4967.0,3694.0,1486.0,4614.0,289322.0
2025-09-28 19:00:00+00:00,3627.0,5169.0,2946.0,4867.0,3574.0,1516.0,4614.0,284937.0
2025-09-28 20:00:00+00:00,3627.0,5264.0,3021.0,5067.0,3694.0,1546.0,4679.0,284937.0
2025-09-28 21:00:00+00:00,3627.0,5359.0,3021.0,5067.0,3454.0,1546.0,4679.0,284937.0
2025-09-28 22:00:00+00:00,3627.0,5169.0,3021.0,4967.0,3574.0,1546.0,4419.0,289322.0
2025-09-28 23:00:00+00:00,3562.0,4979.0,2946.0,4867.0,3694.0,1546.0,4094.0,289322.0
2025-09-29 00:00:00+00:00,3432.0,4884.0,2871.0,4867.0,3574.0,1546.0,4159.0,289322.0
2025-09-29 01:00:00+00:00,3432.0,4884.0,3021.0,4867.0,3574.0,1546.0,4159.0,293707.0
2025-09-29 02:00:00+00:00,3432.0,4884.0,2946.0,4867.0,3574.0,1576.0,4159.0,293707.0
2025-09-29 03:00:00+00:00,3432.0,4884.0,3021.0,4867.0,3574.0,1576.0,4159.0,293707.0
2025-09-29 04:00:00+00:00,3432.0,4884.0,3021.0,4867.0,3574.0,1576.0,4094.0,293707.0
2025-09-29 05:00:00+00:00,3367.0,4884.0,3021.0,4867.0,3574.0,1576.0,4224.0,293707.0
2025-09-29 06:00:00+00:00,3432.0,4979.0,3021.0,4767.0,3454.0,1606.0,4484.0,293707.0
2025-09-29 07:00:00+00:00,3562.0,4979.0,3021.0,4867.0,3574.0,1606.0,4614.0,293707.0
2025-09-29 08:00:00+00:00,3562.0,5074.0,3021.0,4967.0,3574.0,1606.0,4614.0,293707.0
2025-09-29 09:00:00+00:00,3562.0,5074.0,2946.0,4967.0,3574.0,1606.0,4614.0,293707.0
2025-09-29 10:00:00+00:00,3562.0,4979.0,2946.0,4967.0,3574.0,1606.0,4419.0,293707.0
2025-09-29 11:00:00+00:00,3497.0,4979.0,3021.0,4967.0,3574.0,1636.0,4419.0,293707.0
2025-09-29 12:00:00+00:00,3562.0,4979.0,3021.0,4967.0,3574.0,1636.0,4354.0,293707.0
2025-09-29 13:00:00+00:00,3497.0,4979.0,3021.0,4967.0,3574.0,1666.0,4419.0,293707.0
2025-09-29 14:00:00+00:00,3497.0,4979.0,2946.0,4967.0,3454.0,1666.0,4419.0,293707.0
2025-09-29 15:00:00+00:00,3562.0,4979.0,2946.0,4967.0,3574.0,1666.0,4484.0,293707.0
2025-09-29 16:00:00+00:00,3562.0,5074.0,3021.0,4967.0,3574.0,1516.0,4549.0,293707.0
2025-09-29 17:00:00+00:00,3627.0,5074.0,3021.0,5067.0,3574.0,1516.0,4614.0,293707.0
2025-09-29 18:00:00+00:00,3627.0,5264.0,3021.0,5067.0,3694.0,1486.0,4614.0,293707.0
2025-09-29 19:00:00+00:00,3692.0,5359.0,3021.0,5067.0,3694.0,1516.0,4679.0,293707.0
2025-09-29 20:00:00+00:00,3692.0,5359.0,2946.0,5267.0,3694.0,1516.0,4809.0,293707.0
2025-09-29 21:00:00+00:00,3757.0,5359.0,3021.0,5367.0,3694.0,1516.0,4744.0,293707.0
2025-09-29 22:00:00+00:00,3627.0,5074.0,3021.0,5167.0,3694.0,1516.0,4484.0,293707.0
2025-09-29 23:00:00+00:00,3497.0,4979.0,2946.0,4867.0,3454.0,1546.0,4094.0,293707.0
2025-09-30 00:00:00+00:00,3432.0,4789.0,2946.0,4867.0,3574.0,1546.0,4094.0,333172.0
2025-09-30 01:00:00+00:00,3497.0,4884.0,2946.0,4867.0,3574.0,1546.0,4094.0,337557.0
2025-09-30 02:00:00+00:00,3497.0,4884.0,2946.0,4867.0,3574.0,1546.0,4159.0,337557.0
2025-09-30 03:00:00+00:00,3497.0,4884.0,3021.0,4867.0,3574.0,1546.0,4159.0,341942.0
2025-09-30 04:00:00+00:00,3497.0,4884.0,3021.0,4867.0,3574.0,1576.0,4159.0,341942.0
2025-09-30 05:00:00+00:00,3497.0,4884.0,2946.0,4867.0,3574.0,1576.0,4224.0,341942.0
2025-09-30 06:00:00+00:00,3497.0,4884.0,3021.0,4867.0,3574.0,1576.0,4549.0,341942.0
2025-09-30 07:00:00+00:00,3497.0,5074.0,3021.0,4967.0,3574.0,1606.0,4549.0,341942.0
2025-09-30 08:00:00+00:00,3497.0,5074.0,2946.0,5067.0,3694.0,1606.0,4614.0,346327.0
2025-09-30 09:00:00+00:00,3497.0,4979.0,2946.0,5067.0,3694.0,1606.0,4549.0,346327.0
2025-09-30 10:00:00+00:00,3432.0,4884.0,2946.0,4967.0,3574.0,1636.0,4484.0,346327.0
2025-09-30 11:00:00+00:00,3367.0,4979.0,2946.0,4967.0,3574.0,1636.0,4419.0,350712.0
2025-09-30 12:00:00+00:00,3367.0,4979.0,2946.0,4967.0,3574.0,1666.0,4419.0,350712.0
2025-09-30 13:00:00+00:00,3302.0,4979.0,2946.0,4967.0,3574.0,1666.0,4419.0,350712.0
2025-09-30 14:00:00+00:00,3432.0,4979.0,2946.0,4967.0,3574.0,1696.0,4354.0,350712.0
2025-09-30 15:00:00+00:00,3432.0,4979.0,2871.0,4967.0,3574.0,1696.0,4484.0,350712.0
2025-09-30 16:00:00+00:00,3432.0,4979.0,2946.0,4967.0,3454.0,1456.0,4549.0,350712.0
2025-09-30 17:00:00+00:00,3497.0,4979.0,3021.0,5067.0,3574.0,1486.0,4614.0,355097.0
2025-09-30 18:00:00+00:00,3497.0,5074.0,3021.0,5067.0,3694.0,1486.0,4744.0,355097.0
2025-09-30 19:00:00+00:00,3627.0,5074.0,3021.0,5267.0,3694.0,1516.0,4874.0,355097.0
2025-09-30 20:00:00+00:00,3692.0,5264.0,3021.0,5367.0,3694.0,1546.0,4939.0,355097.0
2025-09-30 21:00:00+00:00,3692.0,5359.0,3021.0,5367.0,3574.0,1546.0,4809.0,355097.0
2025-09-30 22:00:00+00:00,3627.0,5264.0,3021.0,5267.0,3574.0,1546.0,4614.0,355097.0
2025-09-30 23:00:00+00:00,3432.0,4979.0,2946.0,4967.0,3574.0,1546.0,4224.0,355097.0
2025-10-01 00:00:00+00:00,3302.0,4884.0,2946.0,4967.0,3574.0,1576.0,4159.0,355097.0
2025-10-01 01:00:00+00:00,3302.0,4884.0,2946.0,4967.0,3574.0,1576.0,4159.0,337557.0
2025-10-01 02:00:00+00:00,3302.0,4884.0,2946.0,4967.0,3574.0,1576.0,4159.0,337557.0
2025-10-01 03:00:00+00:00,3302.0,4884.0,2946.0,4967.0,3574.0,1606.0,4224.0,341942.0
2025-10-01 04:00:00+00:00,3302.0,4789.0,2946.0,4967.0,3574.0,1606.0,4159.0,341942.0
2025-10-01 05:00:00+00:00,3302.0,4884.0,2946.0,4967.0,3574.0,1636.0,4224.0,341942.0
2025-10-01 06:00:00+00:00,3302.0,4884.0,2946.0,4967.0,3574.0,1636.0,4614.0,341942.0
2025-10-01 07:00:00+00:00,3302.0,4979.0,2946.0,4967.0,3574.0,1666.0,4614.0,341942.0
2025-10-01 08:00:00+00:00,3302.0,5074.0,2871.0,5067.0,3694.0,1666.0,4744.0,346327.0
2025-10-01 09:00:00+00:00,3302.0,5074.0,2871.0,5067.0,3694.0,1696.0,4679.0,346327.0
2025-10-01 10:00:00+00:00,3302.0,4979.0,2946.0,4967.0,3574.0,1696.0,4484.0,346327.0
2025-10-01 11:00:00+00:00,3302.0,4979.0,2946.0,4967.0,3574.0,1696.0,4419.0,346327.0
2025-10-01 12:00:00+00:00,3302.0,4979.0,2946.0,4967.0,3574.0,1696.0,4419.0,346327.0
2025-10-01 13:00:00+00:00,3302.0,4979.0,2946.0,4967.0,3574.0,1696.0,4419.0,350712.0
2025-10-01 14:00:00+00:00,3367.0,4979.0,2946.0,4967.0,3694.0,1726.0,4419.0,350712.0
2025-10-01 15:00:00+00:00,3367.0,4979.0,2946.0,4967.0,3694.0,1696.0,4419.0,350712.0
2025-10-01 16:00:00+00:00,3562.0,4979.0,2946.0,4967.0,3694.0,1396.0,4484.0,350712.0
2025-10-01 17:00:00+00:00,3627.0,5074.0,2946.0,4967.0,3694.0,1456.0,4679.0,350712.0
2025-10-01 18:00:00+00:00,3757.0,5074.0,2871.0,5067.0,3574.0,1486.0,4679.0,350712.0
2025-10-01 19:00:00+00:00,3757.0,5169.0,2946.0,5167.0,3694.0,1486.0,4744.0,350712.0
2025-10-01 20:00:00+00:00,3757.0,5359.0,2871.0,5267.0,3574.0,1486.0,4809.0,350712.0
2025-10-01 21:00:00+00:00,3757.0,5359.0,2946.0,5367.0,3694.0,1486.0,4809.0,350712.0
2025-10-01 22:00:00+00:00,3627.0,5264.0,2946.0,5267.0,3574.0,1486.0,4614.0,355097.0
2025-10-01 23:00:00+00:00,3497.0,4979.0,2946.0,5067.0,3574.0,1486.0,4224.0,355097.0
2025-10-02 00:00:00+00:00,3367.0,4884.0,2946.0,4967.0,3574.0,1516.0,4159.0,355097.0
2025-10-02 01:00:00+00:00,3367.0,4884.0,2871.0,4967.0,3574.0,1516.0,4094.0,350712.0
2025-10-02 02:00:00+00:00,3302.0,4884.0,2946.0,4967.0,3574.0,1516.0,4094.0,337557.0
2025-10-02 03:00:00+00:00,3302.0,4884.0,2946.0,4967.0,3574.0,1546.0,4094.0,341942.0
2025-10-02 04:00:00+00:00,3302.0,4789.0,2946.0,4967.0,3694.0,1546.0,4224.0,341942.0
2025-10-02 05:00:00+00:00,3302.0,4884.0,2946.0,4867.0,3694.0,1576.0,4419.0,337557.0
2025-10-02 06:00:00+00:00,3302.0,4979.0,2946.0,5067.0,3574.0,1576.0,4744.0,341942.0
2025-10-02 07:00:00+00:00,3367.0,5074.0,2946.0,5067.0,3694.0,1606.0,4744.0,341942.0
2025-10-02 08:00:00+00:00,3432.0,5074.0,2946.0,5167.0,3694.0,1606.0,4744.0,346327.0
2025-10-02 09:00:00+00:00,3432.0,5074.0,2946.0,5167.0,3694.0,1636.0,4744.0,346327.0
2025-10-02 10:00:00+00:00,3367.0,5074.0,2946.0,5067.0,3574.0,1636.0,4549.0,346327.0
2025-10-02 11:00:00+00:00,3432.0,4979.0,2946.0,5067.0,3694.0,1636.0,4484.0,346327.0
2025-10-02 12:00:00+00:00,3367.0,4979.0,2871.0,5067.0,3694.0,1636.0,4484.0,346327.0
2025-10-02 13:00:00+00:00,3432.0,4979.0,2946.0,5067.0,3694.0,1636.0,4549.0,350712.0
2025-10-02 14:00:00+00:00,3432.0,5074.0,2946.0,5067.0,3694.0,1666.0,4549.0,350712.0
2025-10-02 15:00:00+00:00,3432.0,5074.0,2946.0,5067.0,3694.0,1666.0,4549.0,350712.0
2025-10-02 16:00:00+00:00,3432.0,5074.0,2946.0,5067.0,3694.0,1666.0,4549.0,350712.0
2025-10-02 17:00:00+00:00,3432.0,5074.0,2946.0,5067.0,3694.0,1666.0,4679.0,350712.0
2025-10-02 18:00:00+00:00,3497.0,5074.0,2946.0,5067.0,3694.0,1666.0,4744.0,350712.0
2025-10-02 19:00:00+00:00,3627.0,5169.0,2946.0,5067.0,3694.0,1666.0,4744.0,350712.0
2025-10-02 20:00:00+00:00,3692.0,5359.0,2946.0,5167.0,3694.0,1666.0,4744.0,350712.0
2025-10-02 21:00:00+00:00,3692.0,5359.0,2946.0,5167.0,3694.0,1666.0,4809.0,350712.0
2025-10-02 22:00:00+00:00,3692.0,5359.0,2946.0,5267.0,3694.0,1666.0,4809.0,350712.0
2025-10-02 23:00:00+00:00,3692.0,5359.0,2946.0,5267.0,3694.0,1666.0,4809.0,355097.0
2025-10-03 00:00:00+00:00,3692.0,5359.0,2946.0,5267.0,3694.0,1666.0,4809.0,355097.0
2025-10-03 01:00:00+00:00,3692.0,5359.0,2946.0,5267.0,3694.0,1666.0,4809.0,368252.0
2025-10-03 02:00:00+00:00,3692.0,5359.0,2946.0,5267.0,3694.0,1666.0,4809.0,368252.0
2025-10-03 03:00:00+00:00,3692.0,5359.0,2946.0,5267.0,3694.0,1666.0,4809.0,368252.0
2025-10-03 04:00:00+00:00,3692.0,5359.0,2946.0,5267.0,3694.0,1666.0,4809.0,368252.0
2025-10-03 05:00:00+00:00,3692.0,5359.0,2946.0,5267.0,3694.0,1666.0,4809.0,368252.0
2025-10-03 06:00:00+00:00,3692.0,5359.0,2946.0,5267.0,3694.0,1666.0,4809.0,368252.0
2025-10-03 07:00:00+00:00,3692.0,5359.0,2946.0,5267.0,3694.0,1666.0,4809.0,368252.0
2025-10-03 08:00:00+00:00,3692.0,5359.0,2946.0,5267.0,3694.0,1666.0,4809.0,368252.0
2025-10-03 09:00:00+00:00,3692.0,5359.0,2946.0,5267.0,3694.0,1666.0,4809.0,368252.0
2025-10-03 10:00:00+00:00,3692.0,5359.0,2946.0,5267.0,3694.0,1666.0,4809.0,368252.0
2025-10-03 11:00:00+00:00,3692.0,5359.0,3367.0,5267.0,3694.0,1666.0,4809.0,368252.0
2025-10-03 12:00:00+00:00,3692.0,5359.0,2946.0,5267.0,3694.0,1666.0,4809.0,368252.0
2025-10-03 13:00:00+00:00,3692.0,5359.0,2946.0,5267.0,3694.0,1666.0,4809.0,368252.0
2025-10-03 14:00:00+00:00,3692.0,5359.0,2946.0,5267.0,3694.0,1666.0,4809.0,368252.0
2025-10-03 15:00:00+00:00,3692.0,5359.0,2946.0,5267.0,3694.0,1666.0,4809.0,368252.0
2025-10-03 16:00:00+00:00,3692.0,5359.0,2946.0,5267.0,3694.0,1666.0,4809.0,368252.0
2025-10-03 17:00:00+00:00,3692.0,5359.0,2946.0,5267.0,3694.0,1666.0,4809.0,368252.0
2025-10-03 18:00:00+00:00,3692.0,5359.0,2946.0,5267.0,3694.0,1666.0,4809.0,368252.0
2025-10-03 19:00:00+00:00,3757.0,5359.0,2946.0,5267.0,3694.0,1666.0,4809.0,368252.0
2025-10-03 20:00:00+00:00,3757.0,5454.0,2946.0,5267.0,3694.0,1666.0,5004.0,368252.0
2025-10-03 21:00:00+00:00,3757.0,5549.0,2946.0,5267.0,3694.0,1666.0,5004.0,368252.0
2025-10-03 22:00:00+00:00,3757.0,5549.0,2946.0,5267.0,3694.0,1666.0,5004.0,368252.0
2025-10-03 23:00:00+00:00,3757.0,5549.0,2946.0,5267.0,3694.0,1666.0,5004.0,355097.0
2025-10-04 00:00:00+00:00,3757.0,5549.0,2946.0,5267.0,3694.0,1666.0,5004.0,355097.0
2025-10-04 01:00:00+00:00,3757.0,5549.0,2946.0,5267.0,3694.0,1666.0,5004.0,355097.0
2025-10-04 02:00:00+00:00,3757.0,5549.0,2946.0,5267.0,3694.0,1666.0,5004.0,390177.0
2025-10-04 03:00:00+00:00,3757.0,5549.0,2946.0,5267.0,3694.0,1666.0,5004.0,390177.0
2025-10-04 04:00:00+00:00,3757.0,5549.0,2946.0,5267.0,3694.0,1666.0,5004.0,390177.0
2025-10-04 05:00:00+00:00,3302.0,4884.0,3021.0,5067.0,3574.0,1576.0,4289.0,341942.0
2025-10-04 06:00:00+00:00,3367.0,5074.0,2946.0,5067.0,3694.0,1576.0,4679.0,341942.0
2025-10-04 07:00:00+00:00,3432.0,5074.0,3021.0,5067.0,3574.0,1576.0,4744.0,346327.0
2025-10-04 08:00:00+00:00,3497.0,5169.0,3021.0,5167.0,3694.0,1606.0,4809.0,346327.0
2025-10-04 09:00:00+00:00,3432.0,5169.0,2946.0,5167.0,3694.0,1606.0,4679.0,346327.0
2025-10-04 10:00:00+00:00,3432.0,5074.0,3021.0,5167.0,3694.0,1606.0,4549.0,346327.0
2025-10-04 11:00:00+00:00,3432.0,5074.0,2946.0,5167.0,3694.0,1606.0,4484.0,346327.0
2025-10-04 12:00:00+00:00,3432.0,5074.0,3021.0,5167.0,3694.0,1636.0,4484.0,346327.0
2025-10-04 13:00:00+00:00,3432.0,5074.0,3021.0,5167.0,3694.0,1636.0,4484.0,350712.0
2025-10-04 14:00:00+00:00,3432.0,5074.0,3021.0,5167.0,3694.0,1636.0,4549.0,350712.0
2025-10-04 15:00:00+00:00,3432.0,5074.0,2946.0,5167.0,3694.0,1636.0,4484.0,350712.0
2025-10-04 16:00:00+00:00,3562.0,5074.0,3021.0,5167.0,3694.0,1456.0,4679.0,350712.0
2025-10-04 17:00:00+00:00,3692.0,5074.0,3021.0,5167.0,3694.0,1456.0,4809.0,350712.0
2025-10-04 18:00:00+00:00,3757.0,5074.0,3021.0,5167.0,3694.0,1486.0,4809.0,350712.0
2025-10-04 19:00:00+00:00,3757.0,5169.0,3021.0,5267.0,3574.0,1486.0,4939.0,350712.0
2025-10-04 20:00:00+00:00,3757.0,5359.0,3021.0,5267.0,3814.0,1486.0,5004.0,350712.0
2025-10-04 21:00:00+00:00,3757.0,5454.0,3021.0,5267.0,3814.0,1486.0,4939.0,350712.0
2025-10-04 22:00:00+00:00,3692.0,5359.0,3021.0,5367.0,3814.0,1486.0,4744.0,350712.0
2025-10-04 23:00:00+00:00,3562.0,5074.0,2946.0,5167.0,3814.0,1486.0,4354.0,350712.0
2025-10-05 00:00:00+00:00,3432.0,4884.0,2946.0,5067.0,3694.0,1486.0,4224.0,355097.0
2025-10-05 01:00:00+00:00,3432.0,4884.0,3021.0,5067.0,3694.0,1486.0,4224.0,355097.0
2025-10-05 02:00:00+00:00,3432.0,4884.0,3021.0,5067.0,3694.0,1516.0,4159.0,337557.0
2025-10-05 03:00:00+00:00,3367.0,4884.0,3021.0,5067.0,3574.0,1516.0,4224.0,337557.0
2025-10-05 04:00:00+00:00,3432.0,4884.0,3021.0,5067.0,3694.0,1546.0,4159.0,341942.0
2025-10-05 05:00:00+00:00,3367.0,4884.0,3021.0,5067.0,3694.0,1546.0,4289.0,341942.0
2025-10-05 06:00:00+00:00,3432.0,5074.0,3021.0,5067.0,3694.0,1546.0,4679.0,341942.0
2025-10-05 07:00:00+00:00,3432.0,5074.0,3021.0,5267.0,3814.0,1576.0,4809.0,341942.0
2025-10-05 08:00:00+00:00,3627.0,5169.0,3021.0,5367.0,3814.0,1576.0,4809.0,341942.0
2025-10-05 09:00:00+00:00,3562.0,5169.0,2946.0,5367.0,3814.0,1576.0,4744.0,346327.0
2025-10-05 10:00:00+00:00,3497.0,5074.0,3021.0,5267.0,3694.0,1576.0,4549.0,346327.0
2025-10-05 11:00:00+00:00,3562.0,5074.0,3021.0,5267.0,3694.0,1606.0,4614.0,346327.0
2025-10-05 12:00:00+00:00,3562.0,5074.0,3021.0,5267.0,3814.0,1606.0,4614.0,346327.0
2025-10-05 13:00:00+00:00,3562.0,5074.0,3021.0,5267.0,3694.0,1606.0,4614.0,350712.0
2025-10-05 14:00:00+00:00,3627.0,5074.0,3021.0,5267.0,3814.0,1606.0,4614.0,350712.0
2025-10-05 15:00:00+00:00,3627.0,5074.0,3021.0,5267.0,3814.0,1636.0,4679.0,350712.0
2025-10-05 16:00:00+00:00,3562.0,5074.0,3021.0,5267.0,3814.0,1516.0,4809.0,350712.0
2025-10-05 17:00:00+00:00,3757.0,5074.0,3021.0,5267.0,3814.0,1486.0,4809.0,350712.0
2025-10-05 18:00:00+00:00,3822.0,5169.0,2946.0,5167.0,3814.0,1486.0,5199.0,350712.0
2025-10-05 19:00:00+00:00,3822.0,5359.0,3171.0,5367.0,3814.0,1486.0,5264.0,350712.0
2025-10-05 20:00:00+00:00,3822.0,5454.0,3246.0,5467.0,3814.0,1486.0,5134.0,350712.0
2025-10-05 21:00:00+00:00,3822.0,5454.0,3171.0,5667.0,3814.0,1486.0,5134.0,350712.0
2025-10-05 22:00:00+00:00,3822.0,5359.0,3171.0,5667.0,3814.0,1486.0,4809.0,350712.0
2025-10-05 23:00:00+00:00,3627.0,5169.0,3096.0,5367.0,3694.0,1486.0,4354.0,355097.0
2025-10-06 00:00:00+00:00,3627.0,4979.0,3021.0,5367.0,3694.0,1486.0,4289.0,355097.0
2025-10-06 01:00:00+00:00,3497.0,4884.0,3096.0,5267.0,3694.0,1516.0,4354.0,355097.0
2025-10-06 02:00:00+00:00,3497.0,4884.0,3096.0,5267.0,3694.0,1516.0,4354.0,337557.0
2025-10-06 03:00:00+00:00,3432.0,4884.0,3021.0,5267.0,3694.0,1546.0,4289.0,337557.0
2025-10-06 04:00:00+00:00,3432.0,4884.0,3021.0,5267.0,3694.0,1546.0,4354.0,341942.0
2025-10-06 05:00:00+00:00,3432.0,4884.0,3021.0,5267.0,3694.0,1546.0,4354.0,341942.0
2025-10-06 06:00:00+00:00,3497.0,5074.0,3171.0,5267.0,3814.0,1576.0,4809.0,341942.0
2025-10-06 07:00:00+00:00,3562.0,5074.0,3171.0,5367.0,3814.0,1606.0,5004.0,341942.0
2025-10-06 08:00:00+00:00,3627.0,5169.0,3246.0,5467.0,3814.0,1606.0,5004.0,341942.0
2025-10-06 09:00:00+00:00,3627.0,5169.0,3171.0,5467.0,3814.0,1636.0,4939.0,346327.0
2025-10-06 10:00:00+00:00,3562.0,4979.0,3096.0,5367.0,3694.0,1636.0,4679.0,346327.0
2025-10-06 11:00:00+00:00,3562.0,5074.0,3096.0,5367.0,3694.0,1636.0,4679.0,346327.0
2025-10-06 12:00:00+00:00,3497.0,4979.0,3096.0,5367.0,3694.0,1636.0,4679.0,346327.0
2025-10-06 13:00:00+00:00,3627.0,5074.0,3096.0,5367.0,3814.0,1636.0,4679.0,350712.0
2025-10-06 14:00:00+00:00,3627.0,5074.0,3096.0,5367.0,3814.0,1636.0,4679.0,350712.0
2025-10-06 15:00:00+00:00,3562.0,5074.0,3171.0,5367.0,3814.0,1636.0,4809.0,350712.0
2025-10-06 16:00:00+00:00,3757.0,5074.0,3171.0,5367.0,3814.0,1456.0,4874.0,350712.0
2025-10-06 17:00:00+00:00,3822.0,5074.0,3171.0,5467.0,3814.0,1396.0,4939.0,350712.0
2025-10-06 18:00:00+00:00,3887.0,5169.0,3246.0,5667.0,3814.0,1456.0,5004.0,350712.0
2025-10-06 19:00:00+00:00,3887.0,5454.0,3246.0,5767.0,3814.0,1456.0,5004.0,350712.0
2025-10-06 20:00:00+00:00,3822.0,5454.0,3171.0,5767.0,3814.0,1486.0,5004.0,350712.0
2025-10-06 21:00:00+00:00,3887.0,5454.0,3246.0,5767.0,3694.0,1486.0,5069.0,350712.0
2025-10-06 22:00:00+00:00,3822.0,5359.0,3171.0,5667.0,3694.0,1486.0,4809.0,350712.0
2025-10-06 23:00:00+00:00,3757.0,5074.0,3171.0,5467.0,3814.0,1486.0,4419.0,355097.0
2025-10-07 00:00:00+00:00,3627.0,4979.0,3171.0,5167.0,3814.0,1486.0,4289.0,355097.0
2025-10-07 01:00:00+00:00,3562.0,4884.0,3096.0,5167.0,3814.0,1516.0,4354.0,355097.0
2025-10-07 02:00:00+00:00,3562.0,4884.0,3096.0,5167.0,3814.0,1516.0,4354.0,337557.0
2025-10-07 03:00:00+00:00,3562.0,4884.0,3171.0,5167.0,3814.0,1516.0,4354.0,337557.0
2025-10-07 04:00:00+00:00,3562.0,4884.0,3171.0,5167.0,3814.0,1516.0,4354.0,341942.0
2025-10-07 05:00:00+00:00,3562.0,4979.0,3171.0,5167.0,3814.0,1546.0,4419.0,341942.0
2025-10-07 06:00:00+00:00,3627.0,5074.0,3096.0,5367.0,3814.0,1576.0,4809.0,341942.0
2025-10-07 07:00:00+00:00,3757.0,5074.0,3096.0,5567.0,3814.0,1576.0,5004.0,341942.0
2025-10-07 08:00:00+00:00,3822.0,5074.0,3246.0,5467.0,3814.0,1576.0,5004.0,341942.0
2025-10-07 09:00:00+00:00,3757.0,5169.0,3246.0,5467.0,3814.0,1606.0,4939.0,346327.0
2025-10-07 10:00:00+00:00,3692.0,5074.0,3171.0,5467.0,3814.0,1606.0,4809.0,346327.0
2025-10-07 11:00:00+00:00,,,,,,,,
2025-10-07 12:00:00+00:00,,,,,,,,
2025-10-07 13:00:00+00:00,,,,,,,,
2025-10-07 14:00:00+00:00,,,,,,,,
2025-10-07 15:00:00+00:00,,,,,,,,
2025-10-07 16:00:00+00:00,,,,,,,,
2025-10-07 17:00:00+00:00,,,,,,,,
2025-10-07 18:00:00+00:00,,,,,,,,
2025-10-07 19:00:00+00:00,,,,,,,,
2025-10-07 20:00:00+00:00,,,,,,,,
2025-10-07 21:00:00+00:00,,,,,,,,
2025-10-07 22:00:00+00:00,,,,,,,,
2025-10-07 23:00:00+00:00,,,,,,,,
2025-10-08 00:00:00+00:00,,,,,,,,
2025-10-08 01:00:00+00:00,,,,,,,,
2025-10-08 02:00:00+00:00,3692.0,4979.0,3246.0,5367.0,3814.0,1516.0,4419.0,368252.0
2025-10-08 03:00:00+00:00,3692.0,4979.0,3246.0,5367.0,3814.0,1516.0,4419.0,337557.0
2025-10-08 04:00:00+00:00,3692.0,4979.0,3171.0,5267.0,3814.0,1546.0,4419.0,341942.0
2025-10-08 05:00:00+00:00,3432.0,4599.0,3171.0,5267.0,3814.0,1546.0,4484.0,341942.0
2025-10-08 06:00:00+00:00,3432.0,4599.0,3171.0,5267.0,3814.0,1546.0,4744.0,341942.0
2025-10-08 07:00:00+00:00,3432.0,4694.0,3171.0,5367.0,3814.0,1546.0,4939.0,346327.0
2025-10-08 08:00:00+00:00,3432.0,4789.0,3246.0,5367.0,3814.0,1576.0,5004.0,346327.0
2025-10-08 09:00:00+00:00,3367.0,4884.0,3171.0,5367.0,3814.0,1576.0,4939.0,346327.0
2025-10-08 10:00:00+00:00,3432.0,4789.0,3096.0,5367.0,3814.0,1546.0,4874.0,346327.0
2025-10-08 11:00:00+00:00,3432.0,4789.0,3171.0,5367.0,3814.0,1546.0,4809.0,346327.0
2025-10-08 12:00:00+00:00,3562.0,4789.0,3246.0,5367.0,3814.0,1576.0,4874.0,350712.0
2025-10-08 13:00:00+00:00,3692.0,4884.0,3246.0,5367.0,3814.0,1576.0,4874.0,350712.0
2025-10-08 14:00:00+00:00,3692.0,4884.0,3171.0,5367.0,3934.0,1576.0,4939.0,350712.0
2025-10-08 15:00:00+00:00,3692.0,4884.0,3246.0,5367.0,3814.0,1546.0,4939.0,355097.0
2025-10-08 16:00:00+00:00,3692.0,4884.0,3171.0,5367.0,3934.0,1426.0,4939.0,355097.0
2025-10-08 17:00:00+00:00,3757.0,4979.0,3171.0,5467.0,3934.0,1396.0,5004.0,355097.0
2025-10-08 18:00:00+00:00,3822.0,4979.0,3246.0,5667.0,3934.0,1426.0,5004.0,355097.0
2025-10-08 19:00:00+00:00,3952.0,5074.0,3246.0,5667.0,3934.0,1426.0,5004.0,355097.0
2025-10-08 20:00:00+00:00,3887.0,5264.0,3246.0,5867.0,3934.0,1426.0,5199.0,355097.0
2025-10-08 21:00:00+00:00,3887.0,5264.0,3246.0,5867.0,3934.0,1426.0,5199.0,355097.0
2025-10-08 22:00:00+00:00,3822.0,5074.0,3246.0,5767.0,3934.0,1426.0,4809.0,355097.0
2025-10-08 23:00:00+00:00,3627.0,4884.0,3171.0,5367.0,3814.0,1426.0,4484.0,355097.0
2025-10-09 00:00:00+00:00,3562.0,4789.0,3171.0,5067.0,3694.0,1396.0,4419.0,355097.0
2025-10-09 01:00:00+00:00,3562.0,4789.0,3096.0,5067.0,3814.0,1426.0,4354.0,359482.0
2025-10-09 02:00:00+00:00,3562.0,4789.0,3096.0,4967.0,3814.0,1426.0,4419.0,359482.0
2025-10-09 03:00:00+00:00,3562.0,4789.0,3171.0,4967.0,3694.0,1426.0,4354.0,337557.0
2025-10-09 04:00:00+00:00,3562.0,4789.0,3171.0,5067.0,3814.0,1426.0,4354.0,341942.0
2025-10-09 05:00:00+00:00,3562.0,4789.0,3171.0,5067.0,3814.0,1456.0,4549.0,341942.0
2025-10-09 06:00:00+00:00,3757.0,4884.0,3246.0,5167.0,3814.0,1456.0,4939.0,341942.0
2025-10-09 07:00:00+00:00,3822.0,4979.0,3246.0,5467.0,3934.0,1456.0,4939.0,341942.0
2025-10-09 08:00:00+00:00,3822.0,5074.0,3246.0,5467.0,3934.0,1456.0,5004.0,341942.0
2025-10-09 09:00:00+00:00,3822.0,4979.0,3171.0,5467.0,3934.0,1456.0,4939.0,346327.0
2025-10-09 10:00:00+00:00,3692.0,4884.0,3171.0,5367.0,3814.0,1456.0,4874.0,346327.0
2025-10-09 11:00:00+00:00,3757.0,4884.0,3246.0,5367.0,3934.0,1456.0,4809.0,346327.0
2025-10-09 12:00:00+00:00,3822.0,4884.0,3246.0,5367.0,3934.0,1486.0,4809.0,350712.0
2025-10-09 13:00:00+00:00,3822.0,4979.0,3321.0,5267.0,3934.0,1486.0,4809.0,350712.0
2025-10-09 14:00:00+00:00,3822.0,4979.0,3321.0,5367.0,3934.0,1516.0,4939.0,350712.0
2025-10-09 15:00:00+00:00,3822.0,4979.0,3321.0,5367.0,3934.0,1516.0,4939.0,350712.0
2025-10-09 16:00:00+00:00,3822.0,4979.0,3546.0,5367.0,3934.0,1396.0,4939.0,355097.0
2025-10-09 17:00:00+00:00,3822.0,5074.0,3471.0,5467.0,3814.0,1396.0,4939.0,355097.0
2025-10-09 18:00:00+00:00,3822.0,5074.0,3471.0,5767.0,3814.0,1396.0,5004.0,355097.0
2025-10-09 19:00:00+00:00,3822.0,5169.0,3471.0,5867.0,3934.0,1426.0,5004.0,355097.0
2025-10-09 20:00:00+00:00,3952.0,5264.0,3471.0,5967.0,3934.0,1426.0,4939.0,355097.0
2025-10-09 21:00:00+00:00,3952.0,5264.0,3471.0,5967.0,3814.0,1426.0,5004.0,346327.0
2025-10-09 22:00:00+00:00,3887.0,5074.0,3396.0,5667.0,3934.0,1426.0,4744.0,355097.0
2025-10-09 23:00:00+00:00,3757.0,4979.0,3396.0,5367.0,3814.0,1426.0,4354.0,355097.0
2025-10-10 00:00:00+00:00,3627.0,4884.0,3396.0,5067.0,3814.0,1396.0,4354.0,355097.0
2025-10-10 01:00:00+00:00,3627.0,4884.0,3396.0,5067.0,3814.0,1396.0,4354.0,359482.0
2025-10-10 02:00:00+00:00,3627.0,4884.0,3321.0,5067.0,3694.0,1396.0,4419.0,355097.0
2025-10-10 03:00:00+00:00,3627.0,4884.0,3321.0,5067.0,3814.0,1396.0,4419.0,337557.0
2025-10-10 04:00:00+00:00,3627.0,4884.0,3396.0,5067.0,3814.0,1426.0,4419.0,341942.0
2025-10-10 05:00:00+00:00,3692.0,4884.0,3321.0,5067.0,3814.0,1456.0,4549.0,341942.0
2025-10-10 06:00:00+00:00,3887.0,4884.0,3396.0,5367.0,3814.0,1456.0,4874.0,341942.0
2025-10-10 07:00:00+00:00,3952.0,5074.0,3396.0,5467.0,3934.0,1456.0,4939.0,341942.0
2025-10-10 08:00:00+00:00,3887.0,5074.0,3396.0,5467.0,3934.0,1486.0,5004.0,341942.0
2025-10-10 09:00:00+00:00,3887.0,5074.0,3321.0,5467.0,3934.0,1486.0,4939.0,346327.0
2025-10-10 10:00:00+00:00,3822.0,4979.0,3321.0,5267.0,3814.0,1486.0,4874.0,346327.0
2025-10-10 11:00:00+00:00,3822.0,4979.0,3321.0,5367.0,3934.0,1486.0,4809.0,346327.0
2025-10-10 12:00:00+00:00,3822.0,4979.0,3321.0,5367.0,3814.0,1486.0,4809.0,350712.0
2025-10-10 13:00:00+00:00,3887.0,4979.0,3396.0,5367.0,3934.0,1516.0,4809.0,350712.0
2025-10-10 14:00:00+00:00,3887.0,4979.0,3396.0,5467.0,3934.0,1546.0,4874.0,350712.0
2025-10-10 15:00:00+00:00,3887.0,4979.0,3321.0,5467.0,3934.0,1546.0,4939.0,350712.0
2025-10-10 16:00:00+00:00,3887.0,4979.0,3321.0,5467.0,3814.0,1426.0,4939.0,355097.0
2025-10-10 17:00:00+00:00,3952.0,5074.0,3396.0,5567.0,3814.0,1396.0,5004.0,355097.0
2025-10-10 18:00:00+00:00,3952.0,5264.0,3321.0,5867.0,3934.0,1396.0,4939.0,355097.0
2025-10-10 19:00:00+00:00,3952.0,5359.0,3396.0,5867.0,3814.0,1426.0,5004.0,355097.0
2025-10-10 20:00:00+00:00,3952.0,5359.0,3396.0,5967.0,3934.0,1426.0,5004.0,355097.0
2025-10-10 21:00:00+00:00,3952.0,5454.0,3321.0,5867.0,3814.0,1426.0,5004.0,355097.0
2025-10-10 22:00:00+00:00,3952.0,5169.0,3321.0,5767.0,3814.0,1426.0,4744.0,355097.0
2025-10-10 23:00:00+00:00,3757.0,4979.0,3246.0,5367.0,3814.0,1426.0,4484.0,355097.0
2025-10-11 00:00:00+00:00,3757.0,4884.0,3171.0,5167.0,3694.0,1426.0,4354.0,355097.0
2025-10-11 01:00:00+00:00,3757.0,4884.0,3321.0,5167.0,3814.0,1426.0,4419.0,359482.0
2025-10-11 02:00:00+00:00,3757.0,4884.0,3321.0,5167.0,3694.0,1426.0,4419.0,363867.0
2025-10-11 03:00:00+00:00,3757.0,4884.0,3246.0,5167.0,3814.0,1426.0,4419.0,337557.0
2025-10-11 04:00:00+00:00,3757.0,4884.0,3321.0,5167.0,3814.0,1456.0,4419.0,341942.0
2025-10-11 05:00:00+00:00,3757.0,4884.0,3321.0,5167.0,3694.0,1486.0,4614.0,341942.0
2025-10-11 06:00:00+00:00,3822.0,4979.0,3321.0,5267.0,3814.0,1486.0,4939.0,341942.0
2025-10-11 07:00:00+00:00,3952.0,4979.0,3321.0,5567.0,3934.0,1486.0,5004.0,341942.0
2025-10-11 08:00:00+00:00,3952.0,5074.0,3321.0,5567.0,3934.0,1486.0,5004.0,346327.0
2025-10-11 09:00:00+00:00,3887.0,4979.0,3321.0,5567.0,3934.0,1516.0,4939.0,346327.0
2025-10-11 10:00:00+00:00,3692.0,4884.0,3321.0,5467.0,3814.0,1516.0,4744.0,346327.0
2025-10-11 11:00:00+00:00,3757.0,4979.0,3321.0,5367.0,3814.0,1516.0,4809.0,346327.0
2025-10-11 12:00:00+00:00,3757.0,4979.0,3396.0,5367.0,3934.0,1546.0,4809.0,350712.0
2025-10-11 13:00:00+00:00,3822.0,4884.0,3396.0,5467.0,3934.0,1546.0,4809.0,350712.0
2025-10-11 14:00:00+00:00,3822.0,4979.0,3321.0,5467.0,3934.0,1576.0,4809.0,350712.0
2025-10-11 15:00:00+00:00,3822.0,4979.0,3321.0,5567.0,3814.0,1576.0,4939.0,350712.0
2025-10-11 16:00:00+00:00,3887.0,4979.0,3396.0,5567.0,3934.0,1396.0,4939.0,355097.0
2025-10-11 17:00:00+00:00,3952.0,5074.0,3396.0,5767.0,3934.0,1426.0,5004.0,355097.0
2025-10-11 18:00:00+00:00,3952.0,5169.0,3396.0,5867.0,3934.0,1456.0,5004.0,355097.0
2025-10-11 19:00:00+00:00,3952.0,5359.0,3396.0,5867.0,3934.0,1486.0,5069.0,355097.0
2025-10-11 20:00:00+00:00,3952.0,5454.0,3396.0,5867.0,3934.0,1486.0,5264.0,355097.0
2025-10-11 21:00:00+00:00,3952.0,5454.0,3396.0,5867.0,3934.0,1486.0,5264.0,355097.0
2025-10-11 22:00:00+00:00,3952.0,5264.0,3321.0,5867.0,3934.0,1486.0,4939.0,355097.0
2025-10-11 23:00:00+00:00,3822.0,4979.0,3321.0,5567.0,3934.0,1486.0,4549.0,355097.0
2025-10-12 00:00:00+00:00,3692.0,4884.0,3321.0,5467.0,3814.0,1486.0,4484.0,355097.0
2025-10-12 01:00:00+00:00,3627.0,4789.0,3396.0,5367.0,3934.0,1486.0,4484.0,359482.0
2025-10-12 02:00:00+00:00,3627.0,4789.0,3396.0,5367.0,3934.0,1516.0,4419.0,359482.0
2025-10-12 03:00:00+00:00,3627.0,4694.0,3321.0,5367.0,3934.0,1516.0,4484.0,337557.0
2025-10-12 04:00:00+00:00,3627.0,4789.0,3321.0,5367.0,3934.0,1516.0,4484.0,341942.0
2025-10-12 05:00:00+00:00,3627.0,4789.0,3396.0,5367.0,3934.0,1546.0,4744.0,341942.0
2025-10-12 06:00:00+00:00,3627.0,4884.0,3396.0,5467.0,3934.0,1576.0,4939.0,341942.0
2025-10-12 07:00:00+00:00,3887.0,5074.0,3396.0,5667.0,3934.0,1576.0,5004.0,341942.0
2025-10-12 08:00:00+00:00,3952.0,5074.0,3396.0,5767.0,3934.0,1606.0,5004.0,346327.0
2025-10-12 09:00:00+00:00,3887.0,5074.0,3396.0,5667.0,3934.0,1606.0,5004.0,346327.0
2025-10-12 10:00:00+00:00,3887.0,5074.0,3321.0,5567.0,3934.0,1606.0,4939.0,346327.0
2025-10-12 11:00:00+00:00,3822.0,4979.0,3321.0,5567.0,3934.0,1606.0,4939.0,346327.0
2025-10-12 12:00:00+00:00,3887.0,5074.0,3396.0,5567.0,3934.0,1636.0,4939.0,350712.0
2025-10-12 13:00:00+00:00,3952.0,5074.0,3396.0,5567.0,3934.0,1636.0,4939.0,350712.0
2025-10-12 14:00:00+00:00,3952.0,5074.0,3396.0,5567.0,3934.0,1636.0,4874.0,350712.0
2025-10-12 15:00:00+00:00,3887.0,5074.0,3321.0,5467.0,3934.0,1636.0,4874.0,350712.0
2025-10-12 16:00:00+00:00,3952.0,5074.0,3396.0,5567.0,3934.0,1396.0,4939.0,355097.0
2025-10-12 17:00:00+00:00,3952.0,4979.0,3396.0,5567.0,3934.0,1456.0,4939.0,355097.0
2025-10-12 18:00:00+00:00,3952.0,5074.0,3471.0,5567.0,4054.0,1456.0,4939.0,355097.0
2025-10-12 19:00:00+00:00,3952.0,5074.0,3396.0,5667.0,4054.0,1456.0,4939.0,355097.0
2025-10-12 20:00:00+00:00,3952.0,5264.0,3471.0,5767.0,4054.0,1456.0,4939.0,355097.0
2025-10-12 21:00:00+00:00,4017.0,5359.0,3471.0,5767.0,3934.0,1486.0,5004.0,355097.0
2025-10-12 22:00:00+00:00,3952.0,5169.0,3471.0,5767.0,3934.0,1486.0,4809.0,355097.0
2025-10-12 23:00:00+00:00,3887.0,4979.0,3396.0,5367.0,3934.0,1486.0,4419.0,355097.0
2025-10-13 00:00:00+00:00,3757.0,4884.0,3396.0,5267.0,3934.0,1426.0,4484.0,355097.0
2025-10-13 01:00:00+00:00,3757.0,4884.0,3321.0,5167.0,3934.0,1456.0,4549.0,359482.0
2025-10-13 02:00:00+00:00,3757.0,4884.0,3396.0,5267.0,3934.0,1486.0,4549.0,359482.0
2025-10-13 03:00:00+00:00,3757.0,4884.0,3321.0,5167.0,3814.0,1486.0,4549.0,337557.0
2025-10-13 04:00:00+00:00,3822.0,4884.0,3396.0,5267.0,3934.0,1486.0,4549.0,337557.0
2025-10-13 05:00:00+00:00,3822.0,4979.0,3396.0,5267.0,3934.0,1516.0,4549.0,341942.0
2025-10-13 06:00:00+00:00,3822.0,5074.0,3471.0,5167.0,3934.0,1516.0,4679.0,341942.0
2025-10-13 07:00:00+00:00,3952.0,5074.0,3471.0,5367.0,3934.0,1516.0,4939.0,341942.0
2025-10-13 08:00:00+00:00,3952.0,5074.0,3471.0,5567.0,3934.0,1516.0,4874.0,346327.0
2025-10-13 09:00:00+00:00,3952.0,4979.0,3471.0,5567.0,3934.0,1516.0,4939.0,346327.0
2025-10-13 10:00:00+00:00,3887.0,4979.0,3471.0,5467.0,3934.0,1546.0,4744.0,346327.0
2025-10-13 11:00:00+00:00,3952.0,4979.0,3471.0,5367.0,3814.0,1546.0,4744.0,346327.0
2025-10-13 12:00:00+00:00,3952.0,4979.0,3471.0,5467.0,3814.0,1546.0,4744.0,350712.0
2025-10-13 13:00:00+00:00,3952.0,4979.0,3471.0,5467.0,3934.0,1576.0,4744.0,350712.0
2025-10-13 14:00:00+00:00,4017.0,4979.0,3471.0,5467.0,3814.0,1576.0,4744.0,350712.0
2025-10-13 15:00:00+00:00,3887.0,4979.0,3396.0,5467.0,3934.0,1546.0,4744.0,355097.0
2025-10-13 16:00:00+00:00,3952.0,4979.0,3471.0,5467.0,3934.0,1396.0,4809.0,355097.0
2025-10-13 17:00:00+00:00,3952.0,4979.0,3471.0,5467.0,4054.0,1426.0,4874.0,355097.0
2025-10-13 18:00:00+00:00,3952.0,4979.0,3546.0,5567.0,3934.0,1456.0,4874.0,355097.0
2025-10-13 19:00:00+00:00,4017.0,4979.0,3546.0,5567.0,4054.0,1456.0,4939.0,355097.0
2025-10-13 20:00:00+00:00,4017.0,5074.0,3546.0,5667.0,4054.0,1456.0,4939.0,355097.0
2025-10-13 21:00:00+00:00,4017.0,5074.0,3546.0,5767.0,3934.0,1456.0,4874.0,355097.0
2025-10-13 22:00:00+00:00,3952.0,4979.0,3471.0,5667.0,3934.0,1456.0,4679.0,355097.0
2025-10-13 23:00:00+00:00,3887.0,4884.0,3396.0,5267.0,3814.0,1456.0,4419.0,355097.0
2025-10-14 00:00:00+00:00,3822.0,4789.0,3396.0,5167.0,3814.0,1426.0,4354.0,355097.0
2025-10-14 01:00:00+00:00,3757.0,4789.0,3396.0,5167.0,3934.0,1426.0,4419.0,359482.0
2025-10-14 02:00:00+00:00,3757.0,4789.0,3396.0,5167.0,3934.0,1456.0,4419.0,359482.0
2025-10-14 03:00:00+00:00,3757.0,4884.0,3396.0,5167.0,3814.0,1456.0,4419.0,337557.0
2025-10-14 04:00:00+00:00,3757.0,4789.0,3396.0,5167.0,3934.0,1456.0,4354.0,337557.0
2025-10-14 05:00:00+00:00,3822.0,4884.0,3471.0,5167.0,3814.0,1486.0,4419.0,341942.0
2025-10-14 06:00:00+00:00,3822.0,4884.0,3471.0,5167.0,3934.0,1486.0,4419.0,341942.0
2025-10-14 07:00:00+00:00,3952.0,4884.0,3396.0,5367.0,3934.0,1516.0,4809.0,341942.0
2025-10-14 08:00:00+00:00,3952.0,4979.0,3471.0,5467.0,3934.0,1516.0,4809.0,341942.0
2025-10-14 09:00:00+00:00,3952.0,4979.0,3471.0,5467.0,3934.0,1516.0,4679.0,346327.0
2025-10-14 10:00:00+00:00,3822.0,4884.0,3396.0,5367.0,3934.0,1516.0,4549.0,346327.0
2025-10-14 11:00:00+00:00,3822.0,4884.0,3471.0,5367.0,3934.0,1516.0,4484.0,346327.0
2025-10-14 12:00:00+00:00,3952.0,4884.0,3471.0,5267.0,3934.0,1546.0,4484.0,350712.0
2025-10-14 13:00:00+00:00,3952.0,4884.0,3546.0,5267.0,3934.0,1546.0,4549.0,350712.0
2025-10-14 14:00:00+00:00,3952.0,4884.0,3471.0,5367.0,3934.0,1576.0,4679.0,350712.0
2025-10-14 15:00:00+00:00,3887.0,4789.0,3471.0,5367.0,3934.0,1576.0,4679.0,355097.0
2025-10-14 16:00:00+00:00,3887.0,4884.0,3471.0,5367.0,3934.0,1426.0,4679.0,355097.0
2025-10-14 17:00:00+00:00,3952.0,4884.0,3546.0,5367.0,3814.0,1426.0,4679.0,355097.0
2025-10-14 18:00:00+00:00,3952.0,4979.0,3546.0,5567.0,3934.0,1456.0,4809.0,355097.0
2025-10-14 19:00:00+00:00,4017.0,5074.0,3471.0,5667.0,3934.0,1486.0,4874.0,355097.0
2025-10-14 20:00:00+00:00,4017.0,5074.0,3546.0,5767.0,3934.0,1486.0,4874.0,355097.0
2025-10-14 21:00:00+00:00,4017.0,5074.0,3471.0,5767.0,4054.0,1486.0,4809.0,355097.0
2025-10-14 22:00:00+00:00,4017.0,4979.0,3546.0,5667.0,3934.0,1486.0,4549.0,355097.0
2025-10-14 23:00:00+00:00,3952.0,4884.0,3396.0,5367.0,3814.0,1486.0,4289.0,355097.0
2025-10-15 00:00:00+00:00,3757.0,4789.0,3321.0,5167.0,3814.0,1486.0,4354.0,355097.0
2025-10-15 01:00:00+00:00,3822.0,4789.0,3321.0,5167.0,3934.0,1486.0,4289.0,359482.0
2025-10-15 02:00:00+00:00,3822.0,4789.0,3471.0,5167.0,3934.0,1516.0,4354.0,359482.0
2025-10-15 03:00:00+00:00,3822.0,4789.0,3471.0,5167.0,3694.0,1516.0,4354.0,337557.0
2025-10-15 04:00:00+00:00,3822.0,4789.0,3396.0,5167.0,3934.0,1516.0,4289.0,337557.0
2025-10-15 05:00:00+00:00,3822.0,4789.0,3471.0,5167.0,3814.0,1546.0,4354.0,341942.0
2025-10-15 06:00:00+00:00,3822.0,4884.0,3471.0,5267.0,3934.0,1546.0,4614.0,341942.0
2025-10-15 07:00:00+00:00,3952.0,4979.0,3546.0,5467.0,3814.0,1546.0,4809.0,341942.0
2025-10-15 08:00:00+00:00,4017.0,4979.0,3471.0,5567.0,3934.0,1546.0,4809.0,341942.0
2025-10-15 09:00:00+00:00,3952.0,4979.0,3471.0,5567.0,3814.0,1576.0,4744.0,346327.0
2025-10-15 10:00:00+00:00,3887.0,4884.0,3396.0,5467.0,3814.0,1576.0,4549.0,346327.0
2025-10-15 11:00:00+00:00,3887.0,4884.0,3471.0,5467.0,3934.0,1576.0,4549.0,346327.0
2025-10-15 12:00:00+00:00,3952.0,4884.0,3546.0,5467.0,3934.0,1606.0,4549.0,350712.0
2025-10-15 13:00:00+00:00,4017.0,4884.0,3546.0,5467.0,3934.0,1606.0,4549.0,350712.0
2025-10-15 14:00:00+00:00,4017.0,4884.0,3471.0,5467.0,3934.0,1636.0,4614.0,350712.0
2025-10-15 15:00:00+00:00,3887.0,4884.0,3471.0,5467.0,3934.0,1636.0,4614.0,355097.0
2025-10-15 16:00:00+00:00,3952.0,4884.0,3471.0,5467.0,3934.0,1426.0,4679.0,355097.0
2025-10-15 17:00:00+00:00,4017.0,4979.0,3546.0,5467.0,3934.0,1486.0,4744.0,355097.0
2025-10-15 18:00:00+00:00,4017.0,5074.0,3471.0,5467.0,3934.0,1486.0,4809.0,355097.0
2025-10-15 19:00:00+00:00,4017.0,5074.0,3546.0,5467.0,3934.0,1486.0,4809.0,355097.0
2025-10-15 20:00:00+00:00,4017.0,5169.0,3546.0,5567.0,3934.0,1486.0,4809.0,355097.0
2025-10-15 21:00:00+00:00,4017.0,5264.0,3471.0,5567.0,3814.0,1486.0,4809.0,355097.0
2025-10-15 22:00:00+00:00,4017.0,4979.0,3471.0,5567.0,3814.0,1486.0,4614.0,355097.0
2025-10-15 23:00:00+00:00,3887.0,4884.0,3471.0,5467.0,3814.0,1456.0,4419.0,355097.0
2025-10-16 00:00:00+00:00,3822.0,4789.0,3396.0,5167.0,3814.0,1486.0,4289.0,337557.0
2025-10-16 01:00:00+00:00,3757.0,4789.0,3471.0,5067.0,3694.0,1486.0,4289.0,341942.0
2025-10-16 02:00:00+00:00,3822.0,4789.0,3396.0,5167.0,3814.0,1486.0,4289.0,341942.0
2025-10-16 03:00:00+00:00,3822.0,4789.0,3471.0,5267.0,3814.0,1516.0,4354.0,341942.0
2025-10-16 04:00:00+00:00,3822.0,4789.0,3396.0,5167.0,3814.0,1516.0,4354.0,346327.0
2025-10-16 05:00:00+00:00,3822.0,4789.0,3396.0,5267.0,3814.0,1516.0,4354.0,346327.0
2025-10-16 06:00:00+00:00,3822.0,4979.0,3471.0,5267.0,3814.0,1516.0,4614.0,346327.0
2025-10-16 07:00:00+00:00,3952.0,4979.0,3396.0,5267.0,3814.0,1546.0,4744.0,346327.0
2025-10-16 08:00:00+00:00,4017.0,4979.0,3471.0,5367.0,3814.0,1546.0,4809.0,346327.0
2025-10-16 09:00:00+00:00,3952.0,4979.0,3396.0,5467.0,3934.0,1576.0,4744.0,350712.0
2025-10-16 10:00:00+00:00,3887.0,4884.0,3471.0,5467.0,3814.0,1546.0,4614.0,350712.0
2025-10-16 11:00:00+00:00,3952.0,4884.0,3471.0,5367.0,3814.0,1576.0,4614.0,350712.0
2025-10-16 12:00:00+00:00,3952.0,4884.0,3546.0,5367.0,3814.0,1576.0,4614.0,350712.0
2025-10-16 13:00:00+00:00,3952.0,4884.0,3546.0,5367.0,3934.0,1606.0,4614.0,355097.0
2025-10-16 14:00:00+00:00,4017.0,4884.0,3546.0,5467.0,3934.0,1606.0,4614.0,355097.0
2025-10-16 15:00:00+00:00,3952.0,4884.0,3471.0,5467.0,3814.0,1606.0,4614.0,355097.0
2025-10-16 16:00:00+00:00,3952.0,4979.0,3471.0,5467.0,3934.0,1456.0,4679.0,337557.0
2025-10-16 17:00:00+00:00,4017.0,4979.0,3546.0,5467.0,3814.0,1426.0,4744.0,337557.0
2025-10-16 18:00:00+00:00,4017.0,5074.0,3546.0,5567.0,3934.0,1456.0,4809.0,337557.0
2025-10-16 19:00:00+00:00,4017.0,5169.0,3471.0,5567.0,3934.0,1456.0,4809.0,341942.0
2025-10-16 20:00:00+00:00,4017.0,5169.0,3471.0,5667.0,3934.0,1456.0,4809.0,341942.0
2025-10-16 21:00:00+00:00,4017.0,5264.0,3546.0,5767.0,3934.0,1486.0,4744.0,341942.0
2025-10-16 22:00:00+00:00,4017.0,5169.0,3546.0,5667.0,3934.0,1486.0,4679.0,341942.0
2025-10-16 23:00:00+00:00,,,,,,,,
2025-10-17 00:00:00+00:00,3822.0,4789.0,3471.0,5167.0,3814.0,1486.0,4224.0,341942.0
2025-10-17 01:00:00+00:00,3822.0,4884.0,3471.0,5167.0,3814.0,1486.0,4224.0,346327.0
2025-10-17 02:00:00+00:00,3822.0,4884.0,3396.0,5167.0,3814.0,1486.0,4354.0,346327.0
2025-10-17 03:00:00+00:00,3822.0,4884.0,3471.0,5167.0,3814.0,1486.0,4289.0,346327.0
2025-10-17 04:00:00+00:00,3822.0,4884.0,3471.0,5067.0,3814.0,1486.0,4354.0,346327.0
2025-10-17 05:00:00+00:00,3822.0,4884.0,3471.0,5267.0,3814.0,1516.0,4419.0,350712.0
2025-10-17 06:00:00+00:00,3822.0,4884.0,3471.0,5367.0,3814.0,1516.0,4744.0,350712.0
2025-10-17 07:00:00+00:00,3952.0,4789.0,3471.0,5367.0,3814.0,1516.0,4809.0,350712.0
2025-10-17 08:00:00+00:00,3952.0,4979.0,3546.0,5467.0,3934.0,1546.0,4809.0,350712.0
2025-10-17 09:00:00+00:00,3887.0,4979.0,3396.0,5467.0,3934.0,1546.0,4744.0,350712.0
2025-10-17 10:00:00+00:00,3757.0,4884.0,3396.0,5367.0,3814.0,1546.0,4679.0,355097.0
2025-10-17 11:00:00+00:00,3757.0,4884.0,3396.0,5367.0,3814.0,1546.0,4549.0,355097.0
2025-10-17 12:00:00+00:00,3822.0,4789.0,3471.0,5367.0,3814.0,1576.0,4614.0,355097.0
2025-10-17 13:00:00+00:00,3822.0,4789.0,3546.0,5367.0,3934.0,1606.0,4614.0,359482.0
2025-10-17 14:00:00+00:00,3887.0,4789.0,3546.0,5367.0,3934.0,1606.0,4614.0,359482.0
2025-10-17 15:00:00+00:00,3887.0,4884.0,3471.0,5267.0,3814.0,1636.0,4614.0,359482.0
2025-10-17 16:00:00+00:00,3887.0,4884.0,3546.0,5367.0,3934.0,1426.0,4614.0,337557.0
2025-10-17 17:00:00+00:00,3952.0,4884.0,3546.0,5467.0,3814.0,1426.0,4744.0,337557.0
2025-10-17 18:00:00+00:00,4017.0,4979.0,3546.0,5567.0,3934.0,1456.0,4809.0,337557.0
2025-10-17 19:00:00+00:00,4017.0,5074.0,3546.0,5767.0,3934.0,1486.0,4809.0,341942.0
2025-10-17 20:00:00+00:00,4017.0,4979.0,3546.0,5767.0,3814.0,1486.0,4809.0,341942.0
2025-10-17 21:00:00+00:00,4017.0,5074.0,3471.0,5767.0,3814.0,1486.0,4809.0,341942.0
2025-10-17 22:00:00+00:00,4017.0,5074.0,3546.0,5667.0,3814.0,1486.0,4744.0,341942.0
2025-10-17 23:00:00+00:00,3822.0,4884.0,3321.0,5467.0,3814.0,1486.0,4354.0,341942.0
2025-10-18 00:00:00+00:00,3692.0,4694.0,3396.0,5367.0,3814.0,1486.0,4354.0,341942.0
2025-10-18 01:00:00+00:00,3692.0,4694.0,3396.0,5367.0,3814.0,1486.0,4354.0,346327.0
2025-10-18 02:00:00+00:00,3692.0,4694.0,3471.0,5367.0,3934.0,1516.0,4419.0,346327.0
2025-10-18 03:00:00+00:00,3692.0,4694.0,3471.0,5367.0,3814.0,1546.0,4419.0,346327.0
2025-10-18 04:00:00+00:00,3692.0,4694.0,3471.0,5267.0,3814.0,1546.0,4419.0,346327.0
2025-10-18 05:00:00+00:00,3692.0,4694.0,3471.0,5367.0,3934.0,1546.0,4419.0,350712.0
2025-10-18 06:00:00+00:00,3692.0,4789.0,3546.0,5367.0,3934.0,1576.0,4744.0,350712.0
2025-10-18 07:00:00+00:00,3822.0,4884.0,3546.0,5467.0,3814.0,1576.0,4809.0,350712.0
2025-10-18 08:00:00+00:00,3952.0,4979.0,3546.0,5567.0,3934.0,1606.0,4809.0,350712.0
2025-10-18 09:00:00+00:00,3887.0,4884.0,3471.0,5567.0,3934.0,1606.0,4809.0,355097.0
2025-10-18 10:00:00+00:00,3757.0,4884.0,3396.0,5367.0,3694.0,1606.0,4679.0,350712.0
2025-10-18 11:00:00+00:00,3822.0,4884.0,3471.0,5467.0,3814.0,1606.0,4679.0,355097.0
2025-10-18 12:00:00+00:00,3822.0,4789.0,3546.0,5467.0,3814.0,1636.0,4679.0,355097.0
2025-10-18 13:00:00+00:00,3822.0,4789.0,3546.0,5467.0,3934.0,1636.0,4679.0,355097.0
2025-10-18 14:00:00+00:00,3822.0,4884.0,3546.0,5467.0,3934.0,1636.0,4679.0,355097.0
2025-10-18 15:00:00+00:00,3822.0,4884.0,3471.0,5467.0,3814.0,1666.0,4679.0,359482.0
2025-10-18 16:00:00+00:00,3822.0,4789.0,3546.0,5467.0,3934.0,1456.0,4679.0,337557.0
2025-10-18 17:00:00+00:00,3952.0,4884.0,3546.0,5467.0,3934.0,1426.0,4809.0,337557.0
2025-10-18 18:00:00+00:00,3952.0,4979.0,3471.0,5567.0,3934.0,1456.0,4809.0,337557.0
2025-10-18 19:00:00+00:00,4017.0,4979.0,3546.0,5567.0,3814.0,1486.0,4809.0,341942.0
2025-10-18 20:00:00+00:00,4017.0,5074.0,3546.0,5667.0,3934.0,1486.0,4744.0,341942.0
2025-10-18 21:00:00+00:00,4017.0,5074.0,3471.0,5767.0,3814.0,1486.0,4809.0,341942.0
2025-10-18 22:00:00+00:00,4017.0,5074.0,3546.0,5667.0,3694.0,1486.0,4679.0,341942.0
2025-10-18 23:00:00+00:00,3887.0,4884.0,3471.0,5567.0,3814.0,1486.0,4419.0,341942.0
2025-10-19 00:00:00+00:00,3822.0,4789.0,3396.0,5367.0,3694.0,1486.0,4419.0,341942.0
2025-10-19 01:00:00+00:00,3822.0,4694.0,3546.0,5367.0,3934.0,1516.0,4419.0,341942.0
2025-10-19 02:00:00+00:00,3757.0,4694.0,3546.0,5367.0,3934.0,1516.0,4419.0,346327.0
2025-10-19 03:00:00+00:00,3692.0,4694.0,3471.0,5367.0,3934.0,1546.0,4289.0,346327.0
2025-10-19 04:00:00+00:00,3692.0,4694.0,3471.0,5367.0,3934.0,1546.0,4419.0,346327.0
2025-10-19 05:00:00+00:00,3757.0,4789.0,3546.0,5267.0,3934.0,1576.0,4614.0,350712.0
2025-10-19 06:00:00+00:00,3822.0,4789.0,3546.0,5467.0,3934.0,1576.0,4809.0,350712.0
2025-10-19 07:00:00+00:00,3887.0,4884.0,3546.0,5667.0,3934.0,1606.0,4809.0,350712.0
2025-10-19 08:00:00+00:00,4017.0,4979.0,3471.0,5667.0,3934.0,1606.0,4809.0,350712.0
2025-10-19 09:00:00+00:00,3952.0,4884.0,3546.0,5567.0,3934.0,1636.0,4809.0,350712.0
2025-10-19 10:00:00+00:00,3887.0,4884.0,3546.0,5467.0,3814.0,1636.0,4679.0,350712.0
2025-10-19 11:00:00+00:00,3887.0,4884.0,3546.0,5467.0,3814.0,1636.0,4679.0,355097.0
2025-10-19 12:00:00+00:00,3952.0,4884.0,3546.0,5367.0,3934.0,1636.0,4679.0,355097.0
2025-10-19 13:00:00+00:00,3952.0,4884.0,3546.0,5367.0,3934.0,1636.0,4679.0,355097.0
2025-10-19 14:00:00+00:00,4017.0,4789.0,3546.0,5467.0,3814.0,1666.0,4679.0,359482.0
2025-10-19 15:00:00+00:00,3887.0,4884.0,3471.0,5467.0,3814.0,1666.0,4614.0,359482.0
2025-10-19 16:00:00+00:00,3952.0,4884.0,3546.0,5467.0,3814.0,1426.0,4744.0,337557.0
2025-10-19 17:00:00+00:00,4017.0,4979.0,3546.0,5467.0,3934.0,1456.0,4809.0,337557.0
2025-10-19 18:00:00+00:00,4017.0,4979.0,3546.0,5567.0,3934.0,1486.0,4809.0,337557.0
2025-10-19 19:00:00+00:00,4017.0,4979.0,3546.0,5567.0,3934.0,1486.0,4809.0,337557.0
2025-10-19 20:00:00+00:00,4017.0,5074.0,3546.0,5667.0,3934.0,1486.0,4744.0,341942.0
2025-10-19 21:00:00+00:00,4017.0,4979.0,3546.0,5767.0,3814.0,1486.0,4809.0,341942.0
2025-10-19 22:00:00+00:00,4017.0,4979.0,3471.0,5667.0,3814.0,1486.0,4679.0,341942.0
2025-10-19 23:00:00+00:00,3952.0,4884.0,3546.0,5467.0,3814.0,1486.0,4354.0,341942.0
2025-10-20 00:00:00+00:00,3822.0,4789.0,3471.0,5267.0,3814.0,1456.0,4289.0,341942.0
2025-10-20 01:00:00+00:00,3757.0,4789.0,3396.0,5267.0,3814.0,1456.0,4354.0,346327.0
2025-10-20 02:00:00+00:00,3822.0,4789.0,3396.0,5167.0,3814.0,1486.0,4289.0,346327.0
2025-10-20 03:00:00+00:00,3822.0,4884.0,3471.0,5167.0,3694.0,1516.0,4354.0,346327.0
2025-10-20 04:00:00+00:00,3822.0,4884.0,3471.0,5167.0,3814.0,1516.0,4354.0,346327.0
2025-10-20 05:00:00+00:00,3822.0,4884.0,3471.0,5267.0,3694.0,1516.0,4419.0,350712.0
2025-10-20 06:00:00+00:00,3822.0,4884.0,3546.0,5267.0,3814.0,1516.0,4679.0,350712.0
2025-10-20 07:00:00+00:00,3952.0,4979.0,3546.0,5167.0,3814.0,1516.0,4744.0,350712.0
2025-10-20 08:00:00+00:00,4017.0,4979.0,3546.0,5467.0,3814.0,1516.0,4744.0,350712.0
2025-10-20 09:00:00+00:00,3952.0,4979.0,3546.0,5467.0,3814.0,1546.0,4679.0,350712.0
2025-10-20 10:00:00+00:00,3887.0,4884.0,3546.0,5467.0,3814.0,1546.0,4549.0,355097.0
2025-10-20 11:00:00+00:00,3952.0,4884.0,3546.0,5367.0,3814.0,1546.0,4549.0,355097.0
2025-10-20 12:00:00+00:00,3952.0,4979.0,3621.0,5267.0,3934.0,1546.0,4549.0,355097.0
2025-10-20 13:00:00+00:00,4017.0,4979.0,3621.0,5467.0,3934.0,1576.0,4614.0,355097.0
2025-10-20 14:00:00+00:00,4017.0,4979.0,3696.0,5467.0,3934.0,1606.0,4679.0,359482.0
2025-10-20 15:00:00+00:00,3952.0,4884.0,3621.0,5467.0,3814.0,1606.0,4744.0,359482.0
2025-10-20 16:00:00+00:00,4017.0,4979.0,3546.0,5467.0,3934.0,1456.0,4744.0,337557.0
2025-10-20 17:00:00+00:00,4017.0,4979.0,3621.0,5567.0,3934.0,1426.0,4744.0,337557.0
2025-10-20 18:00:00+00:00,4017.0,4979.0,3696.0,5667.0,3934.0,1456.0,4744.0,337557.0
2025-10-20 19:00:00+00:00,4017.0,4979.0,3696.0,5767.0,3934.0,1456.0,4809.0,337557.0
2025-10-20 20:00:00+00:00,4017.0,5074.0,3621.0,5767.0,3934.0,1456.0,4809.0,341942.0
2025-10-20 21:00:00+00:00,4082.0,5074.0,3696.0,5767.0,3814.0,1456.0,4809.0,341942.0
2025-10-20 22:00:00+00:00,4017.0,4979.0,3546.0,5567.0,3694.0,1456.0,4549.0,341942.0
2025-10-20 23:00:00+00:00,3952.0,4884.0,3546.0,5467.0,3814.0,1456.0,4354.0,341942.0
2025-10-21 00:00:00+00:00,3822.0,4789.0,3471.0,5267.0,3814.0,1426.0,4289.0,341942.0
2025-10-21 01:00:00+00:00,3757.0,4789.0,3546.0,5267.0,3814.0,1456.0,4224.0,346327.0
2025-10-21 02:00:00+00:00,3822.0,4789.0,3546.0,5167.0,3694.0,1456.0,4289.0,346327.0
2025-10-21 03:00:00+00:00,3822.0,4884.0,3546.0,5267.0,3814.0,1456.0,4354.0,346327.0
2025-10-21 04:00:00+00:00,3822.0,4884.0,3546.0,5267.0,3814.0,1486.0,4354.0,346327.0
2025-10-21 05:00:00+00:00,3822.0,4884.0,3546.0,5267.0,5267.0,5267.0,5267.0,350712.0
2025-10-21 06:00:00+00:00,3952.0,4884.0,3621.0,5267.0,3814.0,1486.0,4614.0,350712.0
2025-10-21 07:00:00+00:00,4082.0,4884.0,3696.0,5467.0,3814.0,1516.0,4744.0,350712.0
2025-10-21 08:00:00+00:00,4082.0,4979.0,3696.0,5567.0,3934.0,1516.0,4679.0,350712.0
2025-10-21 09:00:00+00:00,4082.0,4884.0,3621.0,5567.0,3814.0,1516.0,4744.0,350712.0
2025-10-21 10:00:00+00:00,3952.0,4884.0,3546.0,5467.0,3814.0,1516.0,4549.0,355097.0
2025-10-21 11:00:00+00:00,3952.0,4884.0,3621.0,5367.0,3814.0,1546.0,4549.0,355097.0
2025-10-21 12:00:00+00:00,4017.0,4979.0,3696.0,5467.0,3934.0,1546.0,4549.0,355097.0
2025-10-21 13:00:00+00:00,4082.0,4979.0,3696.0,5467.0,3934.0,1576.0,4549.0,355097.0
2025-10-21 14:00:00+00:00,4147.0,4979.0,3696.0,5467.0,3934.0,1606.0,4614.0,359482.0
2025-10-21 15:00:00+00:00,4017.0,4979.0,3621.0,5367.0,3934.0,1606.0,4549.0,359482.0
2025-10-21 16:00:00+00:00,4082.0,4979.0,3696.0,5467.0,3934.0,1456.0,4614.0,337557.0
2025-10-21 17:00:00+00:00,4147.0,4979.0,3771.0,5467.0,3934.0,1426.0,4679.0,337557.0
2025-10-21 18:00:00+00:00,4147.0,4979.0,3771.0,5467.0,3814.0,1456.0,4744.0,337557.0
2025-10-21 19:00:00+00:00,4212.0,5074.0,3771.0,5667.0,3934.0,1456.0,4744.0,337557.0
2025-10-21 20:00:00+00:00,4342.0,5074.0,3771.0,5767.0,3934.0,1486.0,4744.0,341942.0
2025-10-21 21:00:00+00:00,4407.0,5074.0,3696.0,5767.0,3934.0,1486.0,4744.0,341942.0
2025-10-21 22:00:00+00:00,4342.0,4979.0,3696.0,5667.0,3814.0,1486.0,4484.0,341942.0
2025-10-21 23:00:00+00:00,4082.0,4979.0,3696.0,5367.0,3814.0,1456.0,4354.0,341942.0
2025-10-22 00:00:00+00:00,3887.0,4694.0,3621.0,5267.0,3814.0,1426.0,4224.0,341942.0
2025-10-22 01:00:00+00:00,3887.0,4789.0,3621.0,5267.0,3814.0,1456.0,4159.0,346327.0
2025-10-22 02:00:00+00:00,3887.0,4789.0,3621.0,5267.0,3814.0,1486.0,4224.0,346327.0
2025-10-22 03:00:00+00:00,3887.0,4884.0,3546.0,5267.0,3814.0,1486.0,4289.0,346327.0
2025-10-22 04:00:00+00:00,3887.0,4884.0,3621.0,5267.0,3814.0,1516.0,4354.0,346327.0
2025-10-22 05:00:00+00:00,3952.0,4884.0,3696.0,5267.0,3694.0,1516.0,4419.0,350712.0
2025-10-22 06:00:00+00:00,4017.0,4979.0,3771.0,5267.0,3814.0,1516.0,4614.0,350712.0
2025-10-22 07:00:00+00:00,4147.0,4979.0,3771.0,5467.0,3934.0,1516.0,4744.0,350712.0
2025-10-22 08:00:00+00:00,4277.0,4979.0,3771.0,5567.0,3934.0,1546.0,4744.0,350712.0
2025-10-22 09:00:00+00:00,4147.0,4979.0,3771.0,5567.0,3814.0,1546.0,4679.0,350712.0
2025-10-22 10:00:00+00:00,4017.0,4884.0,3846.0,5367.0,3814.0,1546.0,4549.0,355097.0
2025-10-22 11:00:00+00:00,3952.0,4884.0,3846.0,5367.0,3814.0,1546.0,4549.0,355097.0
2025-10-22 12:00:00+00:00,4082.0,4884.0,3846.0,5467.0,3934.0,1576.0,4484.0,355097.0
2025-10-22 13:00:00+00:00,4147.0,4979.0,3846.0,5467.0,3934.0,1576.0,4614.0,355097.0
2025-10-22 14:00:00+00:00,4147.0,4979.0,3846.0,5467.0,3934.0,1606.0,4614.0,359482.0
2025-10-22 15:00:00+00:00,4147.0,4979.0,3771.0,5467.0,3934.0,1606.0,4549.0,359482.0
2025-10-22 16:00:00+00:00,4147.0,4979.0,3846.0,5467.0,3934.0,1456.0,4679.0,337557.0
2025-10-22 17:00:00+00:00,4147.0,4979.0,3921.0,5567.0,3934.0,1456.0,4679.0,337557.0
2025-10-22 18:00:00+00:00,4212.0,5074.0,3921.0,5567.0,3934.0,1456.0,4744.0,337557.0
2025-10-22 19:00:00+00:00,4212.0,5074.0,3921.0,5767.0,3934.0,1486.0,4744.0,341942.0
2025-10-22 20:00:00+00:00,4277.0,5074.0,3921.0,5767.0,3934.0,1486.0,4744.0,341942.0
2025-10-22 21:00:00+00:00,4277.0,5074.0,3921.0,5667.0,3934.0,1486.0,4744.0,341942.0
2025-10-22 22:00:00+00:00,4212.0,4979.0,3771.0,5667.0,3934.0,1486.0,4549.0,341942.0
2025-10-22 23:00:00+00:00,4082.0,4979.0,3846.0,5367.0,3814.0,1456.0,4289.0,341942.0
2025-10-23 00:00:00+00:00,3952.0,4789.0,3846.0,5267.0,3814.0,1456.0,4224.0,341942.0
2025-10-23 01:00:00+00:00,3887.0,4884.0,3846.0,5267.0,3814.0,1456.0,4354.0,346327.0
2025-10-23 02:00:00+00:00,3952.0,4884.0,3921.0,5267.0,3814.0,1486.0,4289.0,346327.0
2025-10-23 03:00:00+00:00,3952.0,4884.0,3921.0,5267.0,3694.0,1486.0,4354.0,346327.0
2025-10-23 04:00:00+00:00,3952.0,4884.0,3771.0,5267.0,3814.0,1516.0,4354.0,350712.0
2025-10-23 05:00:00+00:00,3952.0,4884.0,3846.0,5267.0,3814.0,1516.0,4419.0,350712.0
2025-10-23 06:00:00+00:00,3952.0,4884.0,3921.0,5267.0,3814.0,1516.0,4614.0,350712.0
2025-10-23 07:00:00+00:00,4017.0,4979.0,3921.0,5467.0,3814.0,1516.0,4679.0,350712.0
2025-10-23 08:00:00+00:00,4082.0,4979.0,3921.0,5467.0,3814.0,1546.0,4744.0,350712.0
2025-10-23 09:00:00+00:00,4082.0,4979.0,3846.0,5567.0,3814.0,1546.0,4744.0,350712.0
2025-10-23 10:00:00+00:00,4017.0,4884.0,3846.0,5367.0,3814.0,1546.0,4549.0,355097.0
2025-10-23 11:00:00+00:00,4017.0,4789.0,3846.0,5467.0,3814.0,1546.0,4549.0,355097.0
2025-10-23 12:00:00+00:00,4082.0,4884.0,3921.0,5467.0,3814.0,1576.0,4549.0,355097.0
2025-10-23 13:00:00+00:00,4147.0,4979.0,3921.0,5467.0,3934.0,1606.0,4614.0,355097.0
2025-10-23 14:00:00+00:00,4212.0,4979.0,3846.0,5467.0,3934.0,1576.0,4549.0,359482.0
2025-10-23 15:00:00+00:00,4082.0,4979.0,3846.0,5467.0,3814.0,1606.0,4614.0,359482.0
2025-10-23 16:00:00+00:00,4147.0,4884.0,3921.0,5467.0,3934.0,1456.0,4614.0,337557.0
2025-10-23 17:00:00+00:00,4147.0,4979.0,3921.0,5467.0,3934.0,1426.0,4679.0,337557.0
2025-10-23 18:00:00+00:00,4212.0,4979.0,3921.0,5567.0,3934.0,1426.0,4679.0,337557.0
2025-10-23 19:00:00+00:00,4212.0,5074.0,3921.0,5567.0,3934.0,1426.0,4744.0,337557.0
2025-10-23 20:00:00+00:00,4212.0,5074.0,3921.0,5567.0,3934.0,1456.0,4744.0,341942.0
2025-10-23 21:00:00+00:00,,,,,,,,
2025-10-23 22:00:00+00:00,,,,,,,,
2025-10-23 23:00:00+00:00,,,,,,,,
2025-10-24 00:00:00+00:00,3887.0,4789.0,3846.0,5267.0,3694.0,1426.0,4354.0,341942.0
2025-10-24 01:00:00+00:00,3952.0,4884.0,3771.0,5267.0,3814.0,1426.0,4354.0,346327.0
2025-10-24 02:00:00+00:00,3887.0,4789.0,3771.0,5267.0,3814.0,1426.0,4354.0,346327.0
2025-10-24 03:00:00+00:00,3887.0,4884.0,3771.0,5267.0,3814.0,1456.0,4354.0,346327.0
2025-10-24 04:00:00+00:00,3887.0,4789.0,3771.0,5267.0,3814.0,1456.0,4354.0,346327.0
2025-10-24 05:00:00+00:00,3887.0,4884.0,3846.0,5267.0,3814.0,1456.0,4354.0,346327.0
2025-10-24 06:00:00+00:00,3952.0,4884.0,3846.0,5267.0,3814.0,1486.0,4614.0,350712.0
2025-10-24 07:00:00+00:00,4017.0,4884.0,3846.0,5267.0,3694.0,1486.0,4679.0,350712.0
2025-10-24 08:00:00+00:00,4147.0,4979.0,3921.0,5467.0,3814.0,1486.0,4744.0,350712.0
2025-10-24 09:00:00+00:00,4017.0,4979.0,3846.0,5467.0,3694.0,1516.0,4679.0,123755.0
2025-10-24 10:00:00+00:00,3952.0,4884.0,3771.0,5467.0,3814.0,1516.0,4549.0,350712.0
2025-10-24 11:00:00+00:00,3952.0,4884.0,3846.0,5367.0,3814.0,1546.0,4419.0,355097.0
2025-10-24 12:00:00+00:00,3952.0,4884.0,3846.0,5367.0,3694.0,1516.0,4549.0,355097.0
2025-10-24 13:00:00+00:00,3952.0,4884.0,3921.0,5467.0,3814.0,1576.0,4549.0,355097.0
2025-10-24 14:00:00+00:00,3887.0,4789.0,3846.0,5467.0,3934.0,1576.0,4549.0,355097.0
2025-10-24 15:00:00+00:00,4017.0,4884.0,3846.0,5467.0,3934.0,1576.0,4549.0,355097.0
2025-10-24 16:00:00+00:00,4017.0,4884.0,3921.0,5367.0,3934.0,1396.0,4614.0,337557.0
2025-10-24 17:00:00+00:00,4017.0,4979.0,3921.0,5467.0,3934.0,1456.0,4679.0,337557.0
2025-10-24 18:00:00+00:00,4147.0,5074.0,3921.0,5467.0,3934.0,1426.0,4744.0,337557.0
2025-10-24 19:00:00+00:00,4147.0,5074.0,3921.0,5667.0,3934.0,1426.0,4744.0,337557.0
2025-10-24 20:00:00+00:00,4212.0,5074.0,3921.0,5767.0,3814.0,1426.0,4679.0,341942.0
2025-10-24 21:00:00+00:00,4342.0,5074.0,3921.0,5767.0,3934.0,1456.0,4744.0,341942.0
2025-10-24 22:00:00+00:00,4277.0,5074.0,3846.0,5667.0,3814.0,1456.0,4744.0,341942.0
2025-10-24 23:00:00+00:00,4017.0,4884.0,3846.0,5467.0,3694.0,1456.0,4419.0,341942.0
2025-10-25 00:00:00+00:00,3887.0,4789.0,3846.0,5367.0,3814.0,1486.0,4354.0,341942.0
2025-10-25 01:00:00+00:00,3822.0,4789.0,3846.0,5267.0,3814.0,1486.0,4354.0,341942.0
2025-10-25 02:00:00+00:00,3822.0,4789.0,3846.0,5367.0,3934.0,1486.0,4354.0,346327.0
2025-10-25 03:00:00+00:00,3822.0,4789.0,3846.0,5367.0,3814.0,1516.0,4354.0,346327.0
2025-10-25 04:00:00+00:00,3822.0,4789.0,3771.0,5367.0,3814.0,1516.0,4289.0,346327.0
2025-10-25 05:00:00+00:00,3822.0,4789.0,3921.0,5367.0,3934.0,1516.0,4419.0,346327.0
2025-10-25 06:00:00+00:00,3822.0,4789.0,3921.0,5367.0,3934.0,1546.0,4614.0,346327.0
2025-10-25 07:00:00+00:00,3887.0,4884.0,3921.0,5567.0,3934.0,1576.0,4744.0,350712.0
2025-10-25 08:00:00+00:00,4017.0,4979.0,3921.0,5567.0,3934.0,1576.0,4744.0,350712.0
2025-10-25 09:00:00+00:00,4017.0,4979.0,3846.0,5467.0,3814.0,1606.0,4679.0,350712.0
2025-10-25 10:00:00+00:00,3822.0,4884.0,3846.0,5467.0,3814.0,1606.0,4614.0,350712.0
2025-10-25 11:00:00+00:00,3887.0,4884.0,3846.0,5467.0,3814.0,1606.0,4484.0,350712.0
2025-10-25 12:00:00+00:00,3952.0,4884.0,3921.0,5467.0,3814.0,1606.0,4549.0,350712.0
2025-10-25 13:00:00+00:00,4017.0,4884.0,3921.0,5467.0,3934.0,1636.0,4614.0,355097.0
2025-10-25 14:00:00+00:00,4017.0,4884.0,3846.0,5467.0,3934.0,1636.0,4614.0,355097.0
2025-10-25 15:00:00+00:00,4017.0,4884.0,3846.0,5467.0,3934.0,1636.0,4614.0,355097.0
2025-10-25 16:00:00+00:00,4017.0,4789.0,3846.0,5467.0,3934.0,1426.0,4614.0,337557.0
2025-10-25 17:00:00+00:00,4017.0,4884.0,3921.0,5467.0,3934.0,1426.0,4614.0,337557.0
2025-10-25 18:00:00+00:00,4082.0,4979.0,3921.0,5567.0,3934.0,1456.0,4744.0,337557.0
2025-10-25 19:00:00+00:00,4212.0,4979.0,3921.0,5667.0,3934.0,1456.0,4744.0,337557.0
2025-10-25 20:00:00+00:00,4537.0,5074.0,3921.0,5767.0,3934.0,1456.0,4744.0,341942.0
2025-10-25 21:00:00+00:00,4537.0,5074.0,3921.0,5767.0,3814.0,1486.0,4744.0,341942.0
2025-10-25 22:00:00+00:00,4407.0,4979.0,3921.0,5767.0,3814.0,1486.0,4679.0,341942.0
2025-10-25 23:00:00+00:00,4147.0,4884.0,3846.0,5567.0,3814.0,1486.0,4549.0,341942.0
2025-10-26 00:00:00+00:00,3952.0,4789.0,3846.0,5467.0,3814.0,1486.0,4354.0,341942.0
2025-10-26 01:00:00+00:00,3952.0,4694.0,3846.0,5467.0,3934.0,1516.0,4354.0,341942.0
2025-10-26 02:00:00+00:00,3952.0,4789.0,3921.0,5467.0,3814.0,1516.0,4354.0,346327.0
2025-10-26 03:00:00+00:00,3952.0,4789.0,3846.0,5467.0,3934.0,1546.0,4419.0,346327.0
2025-10-26 04:00:00+00:00,3887.0,4789.0,3921.0,5467.0,3934.0,1546.0,4419.0,346327.0
2025-10-26 05:00:00+00:00,3952.0,4789.0,3921.0,5367.0,3934.0,1546.0,4549.0,346327.0
2025-10-26 06:00:00+00:00,3952.0,4884.0,3921.0,5467.0,3934.0,1576.0,4679.0,346327.0
2025-10-26 07:00:00+00:00,3952.0,4979.0,3996.0,5567.0,3934.0,1606.0,4744.0,346327.0
2025-10-26 08:00:00+00:00,4212.0,4884.0,4071.0,5567.0,3934.0,1606.0,4744.0,350712.0
2025-10-26 09:00:00+00:00,4147.0,4979.0,3996.0,5567.0,3934.0,1606.0,4744.0,350712.0
2025-10-26 10:00:00+00:00,4082.0,4884.0,3846.0,5567.0,3934.0,1606.0,4614.0,350712.0
2025-10-26 11:00:00+00:00,4082.0,4884.0,3996.0,5567.0,3934.0,1636.0,4614.0,350712.0
2025-10-26 12:00:00+00:00,4082.0,4884.0,3996.0,5567.0,3934.0,1636.0,4614.0,350712.0
2025-10-26 13:00:00+00:00,4147.0,4789.0,4071.0,5367.0,3934.0,1636.0,4614.0,355097.0
2025-10-26 14:00:00+00:00,4212.0,4884.0,3996.0,5567.0,3934.0,1636.0,4614.0,355097.0
2025-10-26 15:00:00+00:00,4082.0,4884.0,3996.0,5467.0,3934.0,1636.0,4614.0,355097.0
2025-10-26 16:00:00+00:00,4212.0,4884.0,3996.0,5567.0,3934.0,1456.0,4614.0,337557.0
2025-10-26 17:00:00+00:00,4212.0,4979.0,4071.0,5567.0,3934.0,1456.0,4679.0,337557.0
2025-10-26 18:00:00+00:00,4212.0,4979.0,4071.0,5567.0,3814.0,1456.0,4744.0,337557.0
2025-10-26 19:00:00+00:00,4277.0,5074.0,4071.0,5567.0,3934.0,1456.0,4744.0,337557.0
2025-10-26 20:00:00+00:00,4407.0,5074.0,4071.0,5667.0,3934.0,1456.0,4744.0,337557.0
2025-10-26 21:00:00+00:00,4602.0,5074.0,3996.0,5667.0,4054.0,1486.0,4744.0,337557.0
2025-10-26 22:00:00+00:00,4407.0,4979.0,3996.0,5667.0,3814.0,1486.0,4614.0,341942.0
2025-10-26 23:00:00+00:00,4212.0,4884.0,3921.0,5467.0,3934.0,1486.0,4484.0,341942.0
2025-10-27 00:00:00+00:00,4017.0,4789.0,3846.0,5267.0,3814.0,1456.0,4354.0,341942.0
2025-10-27 01:00:00+00:00,3952.0,4789.0,3846.0,5267.0,3934.0,1486.0,4354.0,341942.0
2025-10-27 02:00:00+00:00,3887.0,4789.0,3921.0,5267.0,3934.0,1486.0,4289.0,346327.0
2025-10-27 03:00:00+00:00,3952.0,4789.0,3846.0,5267.0,3814.0,1486.0,4419.0,346327.0
2025-10-27 04:00:00+00:00,3952.0,4789.0,3921.0,5267.0,3934.0,1486.0,4419.0,346327.0
2025-10-27 05:00:00+00:00,4017.0,4884.0,3996.0,5267.0,3934.0,1486.0,4549.0,346327.0
2025-10-27 06:00:00+00:00,4017.0,4979.0,4071.0,5467.0,3814.0,1516.0,4679.0,346327.0
2025-10-27 07:00:00+00:00,4277.0,4979.0,4071.0,5567.0,3934.0,1516.0,4744.0,350712.0
2025-10-27 08:00:00+00:00,4407.0,4979.0,4071.0,5567.0,3934.0,1516.0,4744.0,350712.0
2025-10-27 09:00:00+00:00,4277.0,4884.0,4071.0,5567.0,3934.0,1516.0,4679.0,350712.0
2025-10-27 10:00:00+00:00,4147.0,4884.0,3996.0,5467.0,3814.0,1516.0,4549.0,350712.0
2025-10-27 11:00:00+00:00,4147.0,4884.0,4071.0,5467.0,3934.0,1516.0,4549.0,355097.0
2025-10-27 12:00:00+00:00,4212.0,4884.0,4071.0,5467.0,3934.0,1546.0,4614.0,355097.0
2025-10-27 13:00:00+00:00,4342.0,4884.0,4146.0,5467.0,3934.0,1576.0,4614.0,355097.0
2025-10-27 14:00:00+00:00,4407.0,4979.0,4146.0,5567.0,4054.0,1576.0,4679.0,355097.0
2025-10-27 15:00:00+00:00,4277.0,4979.0,4071.0,5567.0,4054.0,1576.0,4679.0,355097.0
2025-10-27 16:00:00+00:00,4342.0,4979.0,4071.0,5567.0,4054.0,1396.0,4744.0,337557.0
2025-10-27 17:00:00+00:00,4342.0,4979.0,4071.0,5467.0,4054.0,1456.0,4744.0,337557.0
2025-10-27 18:00:00+00:00,4407.0,4979.0,4146.0,5667.0,4054.0,1456.0,4744.0,337557.0
2025-10-27 19:00:00+00:00,4407.0,4979.0,4221.0,5667.0,4054.0,1456.0,4744.0,337557.0
2025-10-27 20:00:00+00:00,4472.0,5074.0,4221.0,5767.0,4054.0,1456.0,4744.0,337557.0
2025-10-27 21:00:00+00:00,4537.0,5074.0,4146.0,5767.0,4054.0,1456.0,4809.0,337557.0
2025-10-27 22:00:00+00:00,4537.0,4979.0,4146.0,5667.0,3934.0,1486.0,4614.0,341942.0
2025-10-27 23:00:00+00:00,4147.0,4884.0,4071.0,5467.0,3934.0,1486.0,4224.0,341942.0
2025-10-28 00:00:00+00:00,3952.0,4789.0,3921.0,5267.0,3814.0,1456.0,4289.0,341942.0
2025-10-28 01:00:00+00:00,4017.0,4789.0,3996.0,5267.0,3814.0,1456.0,4354.0,341942.0
2025-10-28 02:00:00+00:00,4017.0,4789.0,3921.0,5267.0,3934.0,1486.0,4354.0,346327.0
2025-10-28 03:00:00+00:00,4017.0,4789.0,3996.0,5267.0,3934.0,1486.0,4354.0,346327.0
2025-10-28 04:00:00+00:00,4017.0,4789.0,3996.0,5267.0,3934.0,1486.0,4224.0,346327.0
2025-10-28 05:00:00+00:00,4017.0,4789.0,4071.0,5367.0,3934.0,1486.0,4354.0,346327.0
2025-10-28 06:00:00+00:00,4147.0,4884.0,4071.0,5467.0,3934.0,1486.0,4549.0,350712.0
2025-10-28 07:00:00+00:00,4537.0,4979.0,4221.0,5567.0,3934.0,1516.0,4744.0,350712.0
2025-10-28 08:00:00+00:00,4537.0,4979.0,4146.0,5567.0,3814.0,1516.0,4744.0,350712.0
2025-10-28 09:00:00+00:00,4472.0,4979.0,4221.0,5567.0,4054.0,1516.0,4744.0,350712.0
2025-10-28 10:00:00+00:00,4277.0,4884.0,4146.0,5567.0,3934.0,1516.0,4549.0,350712.0
2025-10-28 11:00:00+00:00,4277.0,4884.0,4146.0,5567.0,3934.0,1546.0,4549.0,355097.0
2025-10-28 12:00:00+00:00,4342.0,4884.0,4146.0,5567.0,4054.0,1546.0,4549.0,355097.0
2025-10-28 13:00:00+00:00,4472.0,4884.0,4221.0,5567.0,4054.0,1576.0,4614.0,355097.0
2025-10-28 14:00:00+00:00,4472.0,4884.0,4146.0,5567.0,4054.0,1576.0,4614.0,355097.0
2025-10-28 15:00:00+00:00,4407.0,4884.0,4071.0,5567.0,3934.0,1606.0,4614.0,355097.0
2025-10-28 16:00:00+00:00,4407.0,4979.0,4221.0,5567.0,4054.0,1426.0,4679.0,337557.0
2025-10-28 17:00:00+00:00,4407.0,4979.0,4221.0,5567.0,4054.0,1426.0,4679.0,337557.0
2025-10-28 18:00:00+00:00,4472.0,5074.0,4221.0,5667.0,4054.0,1456.0,4744.0,337557.0
2025-10-28 19:00:00+00:00,4472.0,5074.0,4221.0,5667.0,4054.0,1456.0,4744.0,337557.0
2025-10-28 20:00:00+00:00,4537.0,5074.0,4146.0,5767.0,3934.0,1456.0,4809.0,337557.0
2025-10-28 21:00:00+00:00,4537.0,5074.0,4146.0,5767.0,3934.0,1456.0,4809.0,337557.0
2025-10-28 22:00:00+00:00,4537.0,4979.0,4221.0,5667.0,4054.0,1486.0,4614.0,341942.0
2025-10-28 23:00:00+00:00,4277.0,4789.0,4071.0,5567.0,3934.0,1486.0,4289.0,341942.0
2025-10-29 00:00:00+00:00,4082.0,4789.0,3996.0,5367.0,3934.0,1456.0,4354.0,341942.0
2025-10-29 01:00:00+00:00,4082.0,4789.0,3996.0,5367.0,3934.0,1486.0,4354.0,341942.0
2025-10-29 02:00:00+00:00,4082.0,4789.0,3996.0,5267.0,3934.0,1486.0,4354.0,346327.0
2025-10-29 03:00:00+00:00,4147.0,4789.0,4071.0,5367.0,3814.0,1486.0,4354.0,346327.0
2025-10-29 04:00:00+00:00,4147.0,4789.0,4071.0,5367.0,3934.0,1486.0,4354.0,346327.0
2025-10-29 05:00:00+00:00,4147.0,4789.0,4146.0,5367.0,3934.0,1516.0,4419.0,346327.0
2025-10-29 06:00:00+00:00,4212.0,4884.0,4146.0,5467.0,3934.0,1516.0,4549.0,350712.0
2025-10-29 07:00:00+00:00,4472.0,4979.0,4221.0,5567.0,4054.0,1516.0,4679.0,350712.0
2025-10-29 08:00:00+00:00,4537.0,4979.0,4221.0,5667.0,4054.0,1546.0,4744.0,350712.0
2025-10-29 09:00:00+00:00,4472.0,4884.0,4146.0,5667.0,4054.0,1546.0,4679.0,350712.0
2025-10-29 10:00:00+00:00,4277.0,4884.0,4146.0,5567.0,3934.0,1546.0,4614.0,350712.0
2025-10-29 11:00:00+00:00,4342.0,4884.0,4146.0,5567.0,3814.0,1546.0,4549.0,355097.0
2025-10-29 12:00:00+00:00,4407.0,4789.0,4221.0,5567.0,4054.0,1576.0,4484.0,355097.0
2025-10-29 13:00:00+00:00,4472.0,4884.0,4296.0,5567.0,3934.0,1606.0,4614.0,355097.0
2025-10-29 14:00:00+00:00,4472.0,4884.0,4296.0,5567.0,4054.0,1606.0,4614.0,355097.0
2025-10-29 15:00:00+00:00,4472.0,4884.0,4221.0,5567.0,4054.0,1606.0,4549.0,355097.0
2025-10-29 16:00:00+00:00,4472.0,4979.0,4221.0,5567.0,4054.0,1456.0,4614.0,337557.0
2025-10-29 17:00:00+00:00,4537.0,4979.0,4221.0,5667.0,4054.0,1456.0,4744.0,337557.0
2025-10-29 18:00:00+00:00,4537.0,5074.0,4296.0,5767.0,4054.0,1456.0,4679.0,337557.0
2025-10-29 19:00:00+00:00,4537.0,5074.0,4296.0,5767.0,4054.0,1456.0,4679.0,337557.0
2025-10-29 20:00:00+00:00,4537.0,5074.0,4221.0,5867.0,3934.0,1486.0,4809.0,337557.0
2025-10-29 21:00:00+00:00,4537.0,5074.0,4296.0,5867.0,4054.0,1486.0,4809.0,341942.0
2025-10-29 22:00:00+00:00,4537.0,4979.0,4296.0,5667.0,3934.0,1486.0,4614.0,341942.0
2025-10-29 23:00:00+00:00,4342.0,4884.0,4071.0,5467.0,3934.0,1486.0,4354.0,341942.0
2025-10-30 00:00:00+00:00,4277.0,4694.0,3996.0,5267.0,3934.0,1486.0,4354.0,341942.0
2025-10-30 01:00:00+00:00,4212.0,4789.0,4146.0,5367.0,3934.0,1486.0,4289.0,341942.0
2025-10-30 02:00:00+00:00,4147.0,4694.0,4146.0,5367.0,3814.0,1486.0,4354.0,346327.0
2025-10-30 03:00:00+00:00,4212.0,4789.0,4071.0,5367.0,3934.0,1516.0,4354.0,346327.0
2025-10-30 04:00:00+00:00,4212.0,4789.0,4146.0,5267.0,3934.0,1516.0,4354.0,346327.0
2025-10-30 05:00:00+00:00,4212.0,4789.0,4146.0,5367.0,3934.0,1516.0,4549.0,346327.0
2025-10-30 06:00:00+00:00,4212.0,4884.0,4221.0,5367.0,4054.0,1516.0,4679.0,350712.0
2025-10-30 07:00:00+00:00,4342.0,4979.0,4371.0,5667.0,4054.0,1546.0,4744.0,350712.0
2025-10-30 08:00:00+00:00,4537.0,4979.0,4296.0,5667.0,4054.0,1546.0,4744.0,350712.0
2025-10-30 09:00:00+00:00,4407.0,4979.0,4296.0,5667.0,4054.0,1546.0,4679.0,350712.0
2025-10-30 10:00:00+00:00,4407.0,4884.0,4146.0,5567.0,3934.0,1576.0,4614.0,350712.0
2025-10-30 11:00:00+00:00,4407.0,4789.0,4221.0,5567.0,4054.0,1576.0,4614.0,355097.0
2025-10-30 12:00:00+00:00,4407.0,4884.0,4371.0,5467.0,4054.0,1576.0,4614.0,355097.0
2025-10-30 13:00:00+00:00,4472.0,4884.0,4371.0,5567.0,4054.0,1606.0,4614.0,355097.0
2025-10-30 14:00:00+00:00,4537.0,4884.0,4296.0,5467.0,4054.0,1636.0,4614.0,355097.0
2025-10-30 15:00:00+00:00,4472.0,4789.0,4146.0,5567.0,4054.0,1636.0,4614.0,355097.0
2025-10-30 16:00:00+00:00,4472.0,4884.0,4221.0,5667.0,4054.0,1456.0,4614.0,337557.0
2025-10-30 17:00:00+00:00,4472.0,4979.0,4296.0,5667.0,4054.0,1456.0,4744.0,337557.0
2025-10-30 18:00:00+00:00,4537.0,5074.0,4371.0,5767.0,3934.0,1486.0,4679.0,337557.0
2025-10-30 19:00:00+00:00,4537.0,5074.0,4371.0,5867.0,4054.0,1486.0,4744.0,337557.0
2025-10-30 20:00:00+00:00,4537.0,5074.0,4371.0,5867.0,4054.0,1486.0,4744.0,337557.0
2025-10-30 21:00:00+00:00,4537.0,5074.0,4296.0,5967.0,4054.0,1486.0,4809.0,341942.0
2025-10-30 22:00:00+00:00,4537.0,4979.0,4296.0,5767.0,4054.0,1486.0,4679.0,341942.0
2025-10-30 23:00:00+00:00,4407.0,4789.0,4146.0,5567.0,3934.0,1486.0,4419.0,341942.0
2025-10-31 00:00:00+00:00,4277.0,4789.0,4146.0,5367.0,3934.0,1486.0,4289.0,341942.0
2025-10-31 01:00:00+00:00,4147.0,4789.0,4071.0,5367.0,3934.0,1486.0,4354.0,341942.0
2025-10-31 02:00:00+00:00,4147.0,4789.0,4071.0,5367.0,3934.0,1516.0,4354.0,346327.0
2025-10-31 03:00:00+00:00,4212.0,4789.0,4146.0,5367.0,3934.0,1486.0,4354.0,346327.0
2025-10-31 04:00:00+00:00,4212.0,4789.0,4071.0,5367.0,3934.0,1516.0,4354.0,346327.0
2025-10-31 05:00:00+00:00,4147.0,4789.0,4146.0,5367.0,4054.0,1516.0,4419.0,346327.0
2025-10-31 06:00:00+00:00,4212.0,4884.0,4221.0,5567.0,3934.0,1516.0,4614.0,350712.0
2025-10-31 07:00:00+00:00,4212.0,4979.0,4296.0,5667.0,4054.0,1516.0,4744.0,350712.0
2025-10-31 08:00:00+00:00,4342.0,4979.0,4371.0,5667.0,4054.0,1516.0,4744.0,350712.0
2025-10-31 09:00:00+00:00,4342.0,4884.0,4146.0,5667.0,4054.0,1546.0,4679.0,350712.0
2025-10-31 10:00:00+00:00,4212.0,4884.0,4071.0,5467.0,4054.0,1546.0,4549.0,350712.0
2025-10-31 11:00:00+00:00,4147.0,4789.0,4146.0,5567.0,4054.0,1546.0,4549.0,355097.0
2025-10-31 12:00:00+00:00,4212.0,4694.0,4146.0,5567.0,4054.0,1576.0,4549.0,355097.0
2025-10-31 13:00:00+00:00,4212.0,4884.0,4221.0,5567.0,4054.0,1606.0,4549.0,355097.0
2025-10-31 14:00:00+00:00,4212.0,4884.0,4221.0,5567.0,4054.0,1606.0,4549.0,355097.0
2025-10-31 15:00:00+00:00,4212.0,4884.0,4221.0,5567.0,4054.0,1606.0,4549.0,355097.0
2025-10-31 16:00:00+00:00,4212.0,4884.0,4146.0,5567.0,4054.0,1456.0,4614.0,337557.0
2025-10-31 17:00:00+00:00,4212.0,4884.0,4221.0,5567.0,4174.0,1456.0,4744.0,337557.0
2025-10-31 18:00:00+00:00,4342.0,4979.0,4296.0,5767.0,4174.0,1456.0,4744.0,337557.0
2025-10-31 19:00:00+00:00,4407.0,4979.0,4296.0,5967.0,4294.0,1456.0,4744.0,337557.0
2025-10-31 20:00:00+00:00,4472.0,4979.0,4296.0,5967.0,4294.0,1456.0,4809.0,341942.0
2025-10-31 21:00:00+00:00,4537.0,4979.0,4221.0,5967.0,4294.0,1486.0,4809.0,341942.0
2025-10-31 22:00:00+00:00,4537.0,4979.0,4146.0,5767.0,4054.0,1486.0,4679.0,341942.0
2025-10-31 23:00:00+00:00,4277.0,4789.0,4071.0,5567.0,4054.0,1486.0,4419.0,341942.0
2025-11-01 00:00:00+00:00,4147.0,4789.0,3996.0,5567.0,4054.0,1486.0,4354.0,341942.0
2025-11-01 01:00:00+00:00,4147.0,4789.0,3921.0,5567.0,4054.0,1516.0,4289.0,341942.0
2025-11-01 02:00:00+00:00,4147.0,4694.0,3996.0,5567.0,4054.0,1546.0,4224.0,346327.0
2025-11-01 03:00:00+00:00,4082.0,4789.0,3996.0,5567.0,4174.0,1546.0,4354.0,346327.0
2025-11-01 04:00:00+00:00,4082.0,4789.0,3996.0,5567.0,4174.0,1546.0,4419.0,346327.0
2025-11-01 05:00:00+00:00,4082.0,4789.0,4071.0,5567.0,4174.0,1546.0,4549.0,346327.0
2025-11-01 06:00:00+00:00,4082.0,4789.0,4071.0,5467.0,4174.0,1546.0,4614.0,346327.0
2025-11-01 07:00:00+00:00,4147.0,4884.0,4221.0,5667.0,4174.0,1606.0,4744.0,350712.0
2025-11-01 08:00:00+00:00,4147.0,4884.0,4221.0,5767.0,4294.0,1606.0,4744.0,350712.0
2025-11-01 09:00:00+00:00,4147.0,4884.0,4071.0,5767.0,4174.0,1606.0,4679.0,350712.0
2025-11-01 10:00:00+00:00,4082.0,4884.0,3996.0,5567.0,4054.0,1636.0,4614.0,350712.0
2025-11-01 11:00:00+00:00,4082.0,4789.0,4071.0,5667.0,4054.0,1636.0,4484.0,350712.0
2025-11-01 12:00:00+00:00,4082.0,4789.0,4071.0,5667.0,4054.0,1636.0,4549.0,350712.0
2025-11-01 13:00:00+00:00,4082.0,4789.0,4071.0,5667.0,4054.0,1666.0,4549.0,355097.0
2025-11-01 14:00:00+00:00,4147.0,4789.0,4071.0,5667.0,3934.0,1666.0,4614.0,355097.0
2025-11-01 15:00:00+00:00,4147.0,4884.0,4071.0,5667.0,4054.0,1666.0,4614.0,355097.0
2025-11-01 16:00:00+00:00,4147.0,4884.0,4071.0,5667.0,4054.0,1456.0,4614.0,337557.0
2025-11-01 17:00:00+00:00,4147.0,4884.0,4146.0,5667.0,4174.0,1456.0,4679.0,337557.0
2025-11-01 18:00:00+00:00,4277.0,4979.0,4221.0,5667.0,4294.0,1456.0,4744.0,337557.0
2025-11-01 19:00:00+00:00,4537.0,4979.0,4146.0,5767.0,4294.0,1486.0,4744.0,341942.0
2025-11-01 20:00:00+00:00,4732.0,5074.0,4221.0,5767.0,4294.0,1486.0,4809.0,341942.0
2025-11-01 21:00:00+00:00,4797.0,5074.0,4221.0,5867.0,4294.0,1486.0,4809.0,341942.0
2025-11-01 22:00:00+00:00,4732.0,4979.0,4146.0,5767.0,4174.0,1486.0,4679.0,341942.0
2025-11-01 23:00:00+00:00,4407.0,4884.0,4146.0,5667.0,4054.0,1486.0,4419.0,341942.0
2025-11-02 00:00:00+00:00,4212.0,4789.0,4071.0,5567.0,4054.0,1516.0,4419.0,341942.0
2025-11-02 01:00:00+00:00,4147.0,4789.0,4146.0,5567.0,4294.0,1516.0,4419.0,341942.0
2025-11-02 02:00:00+00:00,4147.0,4789.0,4146.0,5567.0,4294.0,1516.0,4419.0,346327.0
2025-11-02 03:00:00+00:00,4082.0,4789.0,4146.0,5567.0,4294.0,1546.0,4354.0,346327.0
2025-11-02 04:00:00+00:00,4082.0,4789.0,4071.0,5567.0,4174.0,1576.0,4419.0,346327.0
2025-11-02 05:00:00+00:00,4147.0,4789.0,4146.0,5567.0,4294.0,1576.0,4614.0,346327.0
2025-11-02 06:00:00+00:00,4147.0,4789.0,4221.0,5567.0,4294.0,1606.0,4744.0,346327.0
2025-11-02 07:00:00+00:00,4212.0,4884.0,4221.0,5767.0,4294.0,1606.0,4809.0,350712.0
2025-11-02 08:00:00+00:00,4342.0,4884.0,4296.0,5767.0,4294.0,1636.0,4809.0,350712.0
2025-11-02 09:00:00+00:00,4342.0,4884.0,4221.0,5767.0,4174.0,1606.0,4744.0,350712.0
2025-11-02 10:00:00+00:00,4277.0,4884.0,4146.0,5667.0,4174.0,1636.0,4679.0,350712.0
2025-11-02 11:00:00+00:00,4342.0,4884.0,4221.0,5667.0,4174.0,1636.0,4614.0,350712.0
2025-11-02 12:00:00+00:00,4342.0,4884.0,4221.0,5667.0,4174.0,1636.0,4679.0,350712.0
2025-11-02 13:00:00+00:00,4407.0,4884.0,4146.0,5667.0,4174.0,4174.0,4679.0,355097.0
2025-11-02 14:00:00+00:00,4407.0,4884.0,4146.0,5667.0,4054.0,1666.0,4679.0,355097.0
2025-11-02 15:00:00+00:00,4277.0,4884.0,4146.0,5667.0,4054.0,1666.0,4679.0,355097.0
2025-11-02 16:00:00+00:00,4407.0,4789.0,4221.0,5667.0,4174.0,1516.0,4679.0,337557.0
2025-11-02 17:00:00+00:00,4407.0,4884.0,4221.0,5667.0,4174.0,1456.0,4744.0,337557.0
2025-11-02 18:00:00+00:00,4667.0,4884.0,4221.0,5767.0,4174.0,1486.0,4744.0,337557.0
2025-11-02 19:00:00+00:00,4862.0,4884.0,4221.0,5867.0,4174.0,1486.0,4809.0,337557.0
2025-11-02 20:00:00+00:00,4927.0,4979.0,4296.0,5867.0,4294.0,1486.0,4809.0,337557.0
2025-11-02 21:00:00+00:00,4927.0,4979.0,4296.0,5867.0,4174.0,1486.0,4809.0,341942.0
2025-11-02 22:00:00+00:00,4732.0,4884.0,4221.0,5767.0,4054.0,1486.0,4614.0,341942.0
2025-11-02 23:00:00+00:00,4472.0,4884.0,4221.0,5567.0,4054.0,1486.0,4419.0,341942.0
2025-11-03 00:00:00+00:00,4212.0,4789.0,4146.0,5367.0,4054.0,1486.0,4289.0,341942.0
2025-11-03 01:00:00+00:00,4147.0,4789.0,4071.0,5367.0,4054.0,1486.0,4419.0,341942.0
2025-11-03 02:00:00+00:00,4147.0,4789.0,4071.0,5367.0,4054.0,1486.0,4419.0,346327.0
2025-11-03 03:00:00+00:00,4212.0,4789.0,4146.0,5367.0,4054.0,1516.0,4354.0,346327.0
2025-11-03 04:00:00+00:00,4212.0,4789.0,4146.0,5267.0,4054.0,1516.0,4419.0,346327.0
2025-11-03 05:00:00+00:00,4212.0,4789.0,4221.0,5467.0,4054.0,1516.0,4614.0,346327.0
2025-11-03 06:00:00+00:00,4407.0,4789.0,4296.0,5667.0,3934.0,1516.0,4744.0,350712.0
2025-11-03 07:00:00+00:00,4667.0,4884.0,4296.0,5767.0,4174.0,1516.0,4809.0,350712.0
2025-11-03 08:00:00+00:00,4667.0,4979.0,4371.0,5767.0,4294.0,1546.0,4809.0,350712.0
2025-11-03 09:00:00+00:00,4537.0,4884.0,4296.0,5767.0,4174.0,1546.0,4744.0,350712.0
2025-11-03 10:00:00+00:00,4472.0,4884.0,4296.0,5667.0,4174.0,1546.0,4744.0,350712.0
2025-11-03 11:00:00+00:00,4472.0,4884.0,4296.0,5667.0,4174.0,1546.0,4744.0,355097.0
2025-11-03 12:00:00+00:00,4537.0,4884.0,4371.0,5667.0,4174.0,1576.0,4744.0,355097.0
2025-11-03 13:00:00+00:00,4602.0,4789.0,4446.0,5667.0,4294.0,1576.0,4744.0,355097.0
2025-11-03 14:00:00+00:00,4667.0,4884.0,4446.0,5767.0,4294.0,1606.0,4744.0,355097.0
2025-11-03 15:00:00+00:00,4602.0,4884.0,4296.0,5767.0,4054.0,1606.0,4679.0,359482.0
2025-11-03 16:00:00+00:00,4602.0,4884.0,4371.0,5767.0,4294.0,1456.0,4809.0,337557.0
2025-11-03 17:00:00+00:00,4602.0,4884.0,4296.0,5767.0,4294.0,1456.0,4809.0,337557.0
2025-11-03 18:00:00+00:00,4667.0,4979.0,4446.0,5767.0,4294.0,1456.0,4809.0,337557.0
2025-11-03 19:00:00+00:00,4667.0,4979.0,4446.0,5867.0,4294.0,1486.0,4874.0,337557.0
2025-11-03 20:00:00+00:00,4667.0,5074.0,4446.0,5867.0,4294.0,1456.0,5069.0,337557.0
2025-11-03 21:00:00+00:00,4667.0,5074.0,4521.0,5967.0,4174.0,1456.0,5004.0,341942.0
2025-11-03 22:00:00+00:00,4667.0,4884.0,4371.0,5867.0,4174.0,1456.0,4744.0,341942.0
2025-11-03 23:00:00+00:00,4537.0,4884.0,4221.0,5667.0,4174.0,1456.0,4419.0,341942.0
2025-11-04 00:00:00+00:00,4342.0,4694.0,4146.0,5467.0,4054.0,1426.0,4289.0,341942.0
2025-11-04 01:00:00+00:00,4277.0,4789.0,4146.0,5467.0,4054.0,1456.0,4354.0,346327.0
2025-11-04 02:00:00+00:00,4277.0,4789.0,4146.0,5467.0,3934.0,1486.0,4419.0,346327.0
2025-11-04 03:00:00+00:00,4277.0,4789.0,4146.0,5467.0,4054.0,1486.0,4419.0,346327.0
2025-11-04 04:00:00+00:00,4277.0,4694.0,4221.0,5467.0,4054.0,1486.0,4484.0,346327.0
2025-11-04 05:00:00+00:00,4277.0,4789.0,4296.0,5467.0,4054.0,1486.0,4614.0,346327.0
2025-11-04 06:00:00+00:00,4472.0,4789.0,4446.0,5567.0,4174.0,1486.0,4809.0,350712.0
2025-11-04 07:00:00+00:00,4732.0,4884.0,4446.0,5767.0,4174.0,1516.0,4809.0,350712.0
2025-11-04 08:00:00+00:00,4732.0,4979.0,4521.0,5767.0,4294.0,1516.0,4939.0,350712.0
2025-11-04 09:00:00+00:00,4667.0,4884.0,4446.0,5767.0,4294.0,1486.0,4874.0,350712.0
2025-11-04 10:00:00+00:00,4537.0,4884.0,4371.0,5667.0,4174.0,1516.0,4744.0,350712.0
2025-11-04 11:00:00+00:00,4537.0,4884.0,4446.0,5667.0,4054.0,1486.0,4744.0,355097.0
2025-11-04 12:00:00+00:00,4602.0,4884.0,4446.0,5767.0,4174.0,1546.0,4744.0,355097.0
2025-11-04 13:00:00+00:00,4667.0,4789.0,4521.0,5767.0,4294.0,1576.0,4744.0,355097.0
2025-11-04 14:00:00+00:00,4667.0,4884.0,4521.0,5767.0,4294.0,1576.0,4809.0,355097.0
2025-11-04 15:00:00+00:00,4602.0,4884.0,4446.0,5767.0,4174.0,1576.0,4809.0,359482.0
2025-11-04 16:00:00+00:00,4667.0,4884.0,4446.0,5767.0,4294.0,1486.0,4809.0,337557.0
2025-11-04 17:00:00+00:00,4667.0,4979.0,4521.0,5767.0,4294.0,1396.0,4874.0,337557.0
2025-11-04 18:00:00+00:00,4732.0,4979.0,4521.0,5767.0,4294.0,1456.0,4939.0,337557.0
2025-11-04 19:00:00+00:00,4732.0,4884.0,4521.0,5867.0,4294.0,1426.0,4939.0,337557.0
2025-11-04 20:00:00+00:00,4797.0,5074.0,4521.0,5967.0,4414.0,1456.0,5004.0,341942.0
2025-11-04 21:00:00+00:00,4927.0,5074.0,4521.0,5867.0,4294.0,1456.0,4939.0,341942.0
2025-11-04 22:00:00+00:00,4797.0,4979.0,4446.0,5767.0,4294.0,1456.0,4744.0,341942.0
2025-11-04 23:00:00+00:00,4537.0,4884.0,4221.0,5667.0,4054.0,1426.0,4549.0,341942.0
2025-11-05 00:00:00+00:00,4277.0,4789.0,4221.0,5367.0,4054.0,1426.0,4419.0,341942.0
2025-11-05 01:00:00+00:00,4277.0,4789.0,4146.0,5467.0,4054.0,1456.0,4419.0,346327.0
2025-11-05 02:00:00+00:00,4277.0,4789.0,4221.0,5467.0,4174.0,1456.0,4354.0,346327.0
2025-11-05 03:00:00+00:00,4342.0,4789.0,4221.0,5467.0,4054.0,1456.0,4549.0,346327.0
2025-11-05 04:00:00+00:00,4342.0,4789.0,4296.0,5467.0,4174.0,1456.0,4549.0,346327.0
2025-11-05 05:00:00+00:00,4342.0,4789.0,4446.0,5567.0,4174.0,1486.0,4614.0,346327.0
2025-11-05 06:00:00+00:00,4602.0,4884.0,4521.0,5667.0,4054.0,1486.0,4809.0,350712.0
2025-11-05 07:00:00+00:00,4797.0,4979.0,4521.0,5767.0,4294.0,1486.0,4939.0,350712.0
2025-11-05 08:00:00+00:00,4797.0,4979.0,4521.0,5867.0,4414.0,1516.0,4939.0,350712.0
2025-11-05 09:00:00+00:00,4732.0,4884.0,4521.0,5867.0,4294.0,1516.0,4874.0,350712.0
2025-11-05 10:00:00+00:00,4602.0,4884.0,4446.0,5767.0,4174.0,1516.0,4744.0,350712.0
2025-11-05 11:00:00+00:00,4537.0,4884.0,4446.0,5767.0,4294.0,1516.0,4744.0,355097.0
2025-11-05 12:00:00+00:00,4602.0,4884.0,4521.0,5767.0,4294.0,1546.0,4744.0,355097.0
2025-11-05 13:00:00+00:00,4732.0,4884.0,4596.0,5767.0,4414.0,1546.0,4744.0,355097.0
2025-11-05 14:00:00+00:00,4732.0,4884.0,4596.0,5667.0,4414.0,1576.0,4809.0,355097.0
2025-11-05 15:00:00+00:00,4537.0,4789.0,4371.0,5767.0,4174.0,1576.0,4809.0,359482.0
2025-11-05 16:00:00+00:00,4667.0,4884.0,4521.0,5667.0,4294.0,1456.0,4874.0,337557.0
2025-11-05 17:00:00+00:00,4732.0,4979.0,4521.0,5867.0,4414.0,1426.0,4874.0,337557.0
2025-11-05 18:00:00+00:00,4797.0,4979.0,4596.0,5867.0,4414.0,1456.0,4874.0,337557.0
2025-11-05 19:00:00+00:00,4797.0,4979.0,4596.0,5967.0,4294.0,1456.0,4939.0,337557.0
2025-11-05 20:00:00+00:00,4862.0,5074.0,4746.0,5967.0,4414.0,1456.0,5069.0,341942.0
2025-11-05 21:00:00+00:00,4862.0,5074.0,4671.0,6067.0,4414.0,1456.0,5069.0,341942.0
2025-11-05 22:00:00+00:00,4862.0,4979.0,4596.0,5967.0,4174.0,1456.0,4809.0,341942.0
2025-11-05 23:00:00+00:00,4602.0,4884.0,4446.0,5767.0,4294.0,1456.0,4549.0,341942.0
2025-11-06 00:00:00+00:00,4342.0,4789.0,4221.0,5667.0,4174.0,1426.0,4419.0,341942.0
2025-11-06 01:00:00+00:00,4342.0,4789.0,4221.0,5667.0,4054.0,1456.0,4484.0,346327.0
2025-11-06 02:00:00+00:00,4407.0,4789.0,4371.0,5667.0,4174.0,1486.0,4484.0,346327.0
2025-11-06 03:00:00+00:00,4407.0,4789.0,4296.0,5667.0,4054.0,1486.0,4549.0,346327.0
2025-11-06 04:00:00+00:00,4407.0,4789.0,4371.0,5667.0,4174.0,1486.0,4549.0,346327.0
2025-11-06 05:00:00+00:00,4407.0,4789.0,4446.0,5767.0,4294.0,1486.0,4614.0,350712.0
2025-11-06 06:00:00+00:00,4407.0,4884.0,4596.0,5767.0,4294.0,1486.0,4809.0,350712.0
2025-11-06 07:00:00+00:00,4602.0,4979.0,4746.0,5767.0,4294.0,1516.0,4939.0,350712.0
2025-11-06 08:00:00+00:00,4732.0,4979.0,4746.0,5867.0,4414.0,1516.0,4939.0,350712.0
2025-11-06 09:00:00+00:00,4732.0,4979.0,4596.0,5867.0,4294.0,1546.0,4809.0,350712.0
2025-11-06 10:00:00+00:00,4667.0,4884.0,4446.0,5867.0,4294.0,1546.0,4679.0,355097.0
2025-11-06 11:00:00+00:00,4602.0,4884.0,4521.0,5867.0,4294.0,1546.0,4744.0,355097.0
2025-11-06 12:00:00+00:00,4667.0,4884.0,4671.0,5867.0,4294.0,1546.0,4744.0,355097.0
2025-11-06 13:00:00+00:00,4732.0,4884.0,4746.0,5867.0,4414.0,1576.0,4744.0,355097.0
2025-11-06 14:00:00+00:00,4732.0,4884.0,4746.0,5867.0,4414.0,1606.0,4809.0,359482.0
2025-11-06 15:00:00+00:00,4667.0,4884.0,4671.0,5767.0,4294.0,1606.0,4809.0,359482.0
2025-11-06 16:00:00+00:00,4667.0,4884.0,4596.0,5867.0,4294.0,1426.0,4809.0,337557.0
2025-11-06 17:00:00+00:00,4732.0,4979.0,4671.0,5867.0,4414.0,1426.0,4874.0,337557.0
2025-11-06 18:00:00+00:00,4732.0,4979.0,4671.0,5867.0,4414.0,1426.0,4939.0,337557.0
2025-11-06 19:00:00+00:00,4797.0,4979.0,4671.0,5967.0,4414.0,1456.0,4939.0,341942.0
2025-11-06 20:00:00+00:00,4862.0,5074.0,4671.0,6067.0,4414.0,1456.0,5004.0,341942.0
2025-11-06 21:00:00+00:00,4927.0,5074.0,4671.0,6067.0,4294.0,1456.0,5004.0,341942.0
2025-11-06 22:00:00+00:00,4862.0,4979.0,4746.0,5967.0,4054.0,1426.0,4744.0,341942.0
2025-11-06 23:00:00+00:00,4667.0,4884.0,4446.0,5867.0,4174.0,1426.0,4549.0,341942.0
2025-11-07 00:00:00+00:00,4537.0,4789.0,4446.0,5767.0,4174.0,1426.0,4419.0,341942.0
2025-11-07 01:00:00+00:00,4407.0,4789.0,4446.0,5667.0,4174.0,1426.0,4549.0,346327.0
2025-11-07 02:00:00+00:00,4342.0,4789.0,4446.0,5667.0,4174.0,1426.0,4549.0,346327.0
2025-11-07 03:00:00+00:00,4407.0,4789.0,4446.0,5667.0,4054.0,1456.0,4549.0,346327.0
2025-11-07 04:00:00+00:00,4407.0,4694.0,4446.0,5667.0,4174.0,1456.0,4549.0,346327.0
2025-11-07 05:00:00+00:00,4407.0,4789.0,4446.0,5767.0,4174.0,1456.0,4549.0,350712.0
2025-11-07 06:00:00+00:00,4407.0,4884.0,4521.0,5767.0,4174.0,1456.0,4809.0,350712.0
2025-11-07 07:00:00+00:00,4537.0,4979.0,4979.0,5767.0,4294.0,1486.0,4939.0,350712.0
2025-11-07 08:00:00+00:00,4602.0,4884.0,4671.0,5767.0,4294.0,1486.0,4939.0,350712.0
2025-11-07 09:00:00+00:00,4602.0,4884.0,4671.0,5767.0,4294.0,1486.0,4874.0,350712.0
2025-11-07 10:00:00+00:00,4472.0,4884.0,4446.0,5767.0,4174.0,1516.0,4809.0,355097.0
2025-11-07 11:00:00+00:00,4407.0,4789.0,4446.0,5767.0,4294.0,1516.0,4679.0,355097.0
2025-11-07 12:00:00+00:00,4407.0,4789.0,4521.0,5767.0,4294.0,1546.0,4744.0,355097.0
2025-11-07 13:00:00+00:00,4407.0,4694.0,4521.0,5767.0,4174.0,1546.0,4744.0,355097.0
2025-11-07 14:00:00+00:00,4472.0,4884.0,4596.0,5767.0,4294.0,1576.0,4744.0,355097.0
2025-11-07 15:00:00+00:00,4472.0,4884.0,4596.0,5767.0,4294.0,1576.0,4744.0,359482.0
2025-11-07 16:00:00+00:00,4472.0,4884.0,4596.0,5767.0,4294.0,1366.0,4679.0,337557.0
2025-11-07 17:00:00+00:00,4537.0,4884.0,4596.0,5767.0,4414.0,1426.0,4874.0,337557.0
2025-11-07 18:00:00+00:00,4537.0,4979.0,4671.0,5767.0,4414.0,1426.0,4939.0,337557.0
2025-11-07 19:00:00+00:00,4602.0,4979.0,4671.0,5767.0,4414.0,1456.0,4939.0,341942.0
2025-11-07 20:00:00+00:00,4602.0,4979.0,4671.0,5767.0,4294.0,1456.0,4939.0,341942.0
2025-11-07 21:00:00+00:00,4667.0,4979.0,4671.0,5767.0,4414.0,1456.0,5004.0,341942.0
2025-11-07 22:00:00+00:00,4732.0,4979.0,4671.0,5867.0,4294.0,1456.0,4809.0,341942.0
2025-11-07 23:00:00+00:00,4407.0,4789.0,4521.0,5767.0,4174.0,1456.0,4484.0,341942.0
2025-11-08 00:00:00+00:00,4277.0,4789.0,4446.0,5767.0,4174.0,1456.0,4419.0,341942.0
2025-11-08 01:00:00+00:00,4277.0,4789.0,4446.0,5767.0,4294.0,1486.0,4354.0,341942.0
2025-11-08 02:00:00+00:00,4277.0,4789.0,4446.0,5767.0,4294.0,1486.0,4419.0,346327.0
2025-11-08 03:00:00+00:00,4277.0,4694.0,4446.0,5767.0,4174.0,1516.0,4549.0,346327.0
2025-11-08 04:00:00+00:00,4212.0,4599.0,4446.0,5667.0,4294.0,1516.0,4549.0,346327.0
2025-11-08 05:00:00+00:00,4212.0,4789.0,4446.0,5767.0,4174.0,1516.0,4549.0,346327.0
2025-11-08 06:00:00+00:00,4212.0,4789.0,4671.0,5767.0,4294.0,1546.0,4809.0,350712.0
2025-11-08 07:00:00+00:00,4277.0,4694.0,4671.0,5767.0,4414.0,1546.0,4939.0,350712.0
2025-11-08 08:00:00+00:00,4277.0,4884.0,4671.0,5767.0,4294.0,1576.0,4939.0,350712.0
2025-11-08 09:00:00+00:00,4277.0,4884.0,4671.0,5667.0,4294.0,1576.0,4874.0,350712.0
2025-11-08 10:00:00+00:00,4277.0,4694.0,4521.0,5767.0,4054.0,1576.0,4744.0,350712.0
2025-11-08 11:00:00+00:00,4277.0,4789.0,4521.0,5667.0,4294.0,1606.0,4744.0,350712.0
2025-11-08 12:00:00+00:00,4277.0,4789.0,4596.0,5667.0,4294.0,1606.0,4744.0,355097.0
2025-11-08 13:00:00+00:00,4277.0,4789.0,4521.0,5767.0,4174.0,1606.0,4744.0,355097.0
2025-11-08 14:00:00+00:00,4212.0,4789.0,4521.0,5767.0,4174.0,1606.0,4744.0,355097.0
2025-11-08 15:00:00+00:00,4277.0,4789.0,4521.0,5767.0,4294.0,1636.0,4744.0,355097.0
2025-11-08 16:00:00+00:00,4277.0,4789.0,4596.0,5767.0,4294.0,1426.0,4744.0,337557.0
2025-11-08 17:00:00+00:00,4602.0,4884.0,4671.0,5667.0,4294.0,1456.0,4874.0,337557.0
2025-11-08 18:00:00+00:00,4732.0,4884.0,4671.0,5667.0,4294.0,1456.0,4874.0,337557.0
